Rank,Club,Country,Level,Elo,From,To
1,Man City,ENG,1,2012.76818848,2021-05-30,2021-08-15
2,Bayern,GER,1,1993.56750488,2021-05-23,2021-08-13
3,Liverpool,ENG,1,1940.19763184,2021-05-27,2021-08-14
4,Real Madrid,ESP,1,1938.07788086,2021-05-27,2021-08-14
5,Man United,ENG,1,1925.87194824,2021-05-27,2021-08-14
6,Chelsea,ENG,1,1923.20202637,2021-05-30,2021-08-14
7,Barcelona,ESP,1,1913.69177246,2021-05-30,2021-08-15
8,Inter,ITA,1,1898.13305664,2021-05-24,2021-08-15
9,Atletico,ESP,1,1895.42712402,2021-05-27,2021-08-15
10,Paris SG,FRA,1,1875.87866211,2021-05-24,2021-08-03
11,Arsenal,ENG,1,1866.67456055,2021-05-27,2021-08-13
12,Juventus,ITA,1,1849.1340332,2021-05-24,2021-08-14
13,Sevilla,ESP,1,1847.52929688,2021-05-27,2021-08-14
14,Dortmund,GER,1,1843.85534668,2021-05-23,2021-08-14
15,Atalanta,ITA,1,1836.63232422,2021-05-24,2021-08-15
16,Tottenham,ENG,1,1831.75012207,2021-05-27,2021-08-15
17,Villarreal,ESP,1,1823.54174805,2021-05-27,2021-08-12
18,RB Leipzig,GER,1,1817.06140137,2021-05-23,2021-08-03
19,West Ham,ENG,1,1810.99633789,2021-05-27,2021-07-21
20,Ajax,NED,1,1808.51733398,2021-05-24,2021-07-21
21,Napoli,ITA,1,1803.56152344,2021-05-24,2021-08-04
22,Milan,ITA,1,1802.77172852,2021-05-27,2021-08-04
23,Leicester,ENG,1,1801.89501953,2021-05-27,2021-07-22
24,Porto,POR,1,1801.68701172,2021-05-24,2021-07-22
25,Leeds,ENG,1,1783.74121094,2021-05-27,2021-08-14
26,Everton,ENG,1,1771.19372559,2021-05-27,2021-08-14
27,Wolfsburg,GER,1,1769.32421875,2021-05-23,2021-08-14
28,Sociedad,ESP,1,1761.44580078,2021-05-27,2021-08-15
29,Frankfurt,GER,1,1760.56542969,2021-05-27,2021-08-14
30,Lille,FRA,1,1753.30493164,2021-05-24,2021-07-23
31,Gladbach,GER,1,1748.46044922,2021-05-24,2021-07-20
32,Salzburg,AUT,1,1747.72485352,2021-05-27,2021-07-20
33,Aston Villa,ENG,1,1747.11230469,2021-05-27,2021-07-28
34,Betis,ESP,1,1740.60021973,2021-05-27,2021-07-29
35,Lyon,FRA,1,1740.17236328,2021-05-27,2021-07-29
36,Benfica,POR,1,1739.48974609,2021-05-24,2021-07-22
37,Roma,ITA,1,1738.81799316,2021-05-27,2021-07-29
38,Wolves,ENG,1,1738.54443359,2021-05-27,2021-07-29
39,Leverkusen,GER,1,1734.74389648,2021-05-24,2021-08-14
40,Lazio,ITA,1,1732.31726074,2021-05-24,2021-08-14
41,Newcastle,ENG,1,1724.89587402,2021-05-27,2021-07-29
42,Celta,ESP,1,1721.60791016,2021-05-27,2021-07-28
43,Brighton,ENG,1,1720.88342285,2021-05-27,2021-07-28
44,Slavia Praha,CZE,1,1719.76745605,2021-05-30,2021-07-20
45,Sporting,POR,1,1716.20715332,2021-05-24,2021-07-22
46,Dinamo Zagreb,CRO,1,1711.9342041,2021-05-24,2021-07-07
47,Bilbao,ESP,1,1709.68444824,2021-05-27,2021-07-16
48,Burnley,ENG,1,1709.37329102,2021-05-27,2021-07-16
49,Young Boys,SUI,1,1704.3248291,2021-05-24,2021-07-16
50,Monaco,FRA,1,1703.90185547,2021-05-24,2021-07-16
51,Valencia,ESP,1,1701.11633301,2021-05-27,2021-07-16
52,Southampton,ENG,1,1700.75109863,2021-05-27,2021-07-16
53,Olympiakos,GRE,1,1699.7479248,2021-05-20,2021-07-16
54,Shakhtar,UKR,1,1699.23510742,2021-05-20,2021-07-16
55,Sassuolo,ITA,1,1697.33581543,2021-05-24,2021-07-16
56,Rangers,SCO,1,1696.41027832,2021-05-17,2021-07-16
57,Crystal Palace,ENG,1,1693.30944824,2021-05-27,2021-07-16
58,Hoffenheim,GER,1,1691.55407715,2021-05-24,2021-07-16
59,Osasuna,ESP,1,1685.16015625,2021-05-27,2021-07-29
60,Union Berlin,GER,1,1685.00036621,2021-05-27,2021-07-29
61,Crvena Zvezda,SRB,1,1680.17663574,2021-05-20,2021-07-16
62,Freiburg,GER,1,1676.97033691,2021-05-23,2021-07-16
63,Granada,ESP,1,1674.59533691,2021-05-27,2021-07-16
64,Watford,ENG,2,1673.33557129,2021-05-27,2021-07-01
65,Brentford,ENG,2,1671.97888184,2021-05-30,2021-07-01
66,Getafe,ESP,1,1669.05395508,2021-05-30,2021-07-21
67,Dynamo Kyiv,UKR,1,1669.05090332,2021-05-30,2021-07-21
68,Zenit,RUS,1,1668.48168945,2021-05-30,2021-07-21
69,Levante,ESP,1,1664.71276855,2021-05-30,2021-07-22
70,Mainz,GER,1,1661.15625,2021-05-24,2021-07-21
71,Norwich,ENG,2,1655.1998291,2021-05-31,2021-07-01
72,Alkmaar,NED,1,1654.38537598,2021-05-31,2021-07-21
73,PSV,NED,1,1653.50769043,2021-05-31,2021-07-21
74,Espanyol,ESP,2,1648.59558105,2021-05-31,2021-07-01
75,Stuttgart,GER,1,1644.19787598,2021-05-23,2021-08-14
76,Sampdoria,ITA,1,1643.21496582,2021-05-23,2021-08-10
77,Hertha,GER,1,1637.67993164,2021-05-24,2021-08-08
78,Leganes,ESP,2,1635.95922852,2021-05-31,2021-06-03
79,Alaves,ESP,1,1633.82214355,2021-05-31,2021-06-03
80,Marseille,FRA,1,1631.07080078,2021-05-24,2021-06-03
81,Brugge,BEL,1,1631.06323242,2021-05-24,2021-06-03
82,Mallorca,ESP,2,1629.65905762,2021-05-31,2021-06-03
83,Fiorentina,ITA,1,1628.54321289,2021-05-31,2021-06-03
84,Fulham,ENG,1,1627.00708008,2021-05-31,2021-06-03
85,Sheffield United,ENG,1,1623.86804199,2021-05-31,2021-06-03
86,Rennes,FRA,1,1622.62341309,2021-05-31,2021-06-03
87,Braga,POR,1,1621.16162109,2021-05-31,2021-06-06
88,West Brom,ENG,1,1618.41918945,2021-05-27,2021-06-06
89,Eibar,ESP,1,1617.85070801,2021-05-27,2021-06-06
90,Cadiz,ESP,1,1611.36071777,2021-05-27,2021-06-02
91,Huesca,ESP,1,1610.24194336,2021-05-27,2021-06-02
92,Valladolid,ESP,1,1608.97680664,2021-05-27,2021-06-02
93,Bournemouth,ENG,2,1607.37670898,2021-05-27,2021-06-02
94,Bielefeld,GER,1,1606.24438477,2021-05-23,2021-06-02
95,Genoa,ITA,1,1604.8112793,2021-05-23,2021-06-02
96,Girona,ESP,2,1601.46008301,2021-05-31,2021-06-02
97,Montpellier,FRA,1,1600.50231934,2021-05-25,2021-07-31
98,Koeln,GER,1,1596.57226562,2021-05-23,2021-06-20
99,Augsburg,GER,1,1595.59460449,2021-05-23,2021-06-20
100,Elche,ESP,1,1594.79760742,2021-05-27,2021-06-20
None,Werder,GER,1,1594.01989746,2021-05-27,2021-07-01
None,Bologna,ITA,1,1593.50939941,2021-05-24,2021-08-19
None,Udinese,ITA,1,1590.83837891,2021-05-24,2021-08-19
None,Almeria,ESP,2,1589.08605957,2021-05-31,2021-06-02
None,Rapid Wien,AUT,1,1588.9954834,2021-05-23,2021-07-20
None,Cagliari,ITA,1,1588.58508301,2021-05-23,2021-08-19
None,Torino,ITA,1,1586.1829834,2021-05-24,2021-08-19
None,Verona,ITA,1,1585.22949219,2021-05-24,2021-08-19
None,Osijek,CRO,1,1582.79431152,2021-05-23,2021-07-07
None,Midtjylland,DEN,1,1580.34887695,2021-05-25,2021-07-16
None,Lok Moskva,RUS,1,1579.18847656,2021-05-17,2021-07-22
None,Feyenoord,NED,1,1578.77575684,2021-05-24,2021-07-21
None,LASK,AUT,1,1576.3470459,2021-05-23,2021-07-20
None,Sparta Praha,CZE,1,1574.98364258,2021-05-30,2021-07-20
None,Genk,BEL,1,1573.97412109,2021-05-24,2021-07-22
None,Galatasaray,TUR,1,1572.52038574,2021-05-16,2021-07-21
None,Nice,FRA,1,1570.67248535,2021-05-24,2021-08-03
None,Swansea,ENG,2,1570.54589844,2021-05-30,2021-08-07
None,Molde,NOR,1,1569.07995605,2021-05-31,2021-06-12
None,Cardiff,ENG,2,1568.33129883,2021-05-27,2021-08-07
None,Rayo Vallecano,ESP,2,1568.28735352,2021-05-31,2021-06-03
None,Reims,FRA,1,1566.67102051,2021-05-24,2021-08-03
None,Lens,FRA,1,1566.37512207,2021-05-24,2021-08-03
None,Besiktas,TUR,1,1565.7019043,2021-05-16,2021-07-21
None,Bochum,GER,2,1563.64416504,2021-05-24,2021-07-01
None,Bodoe Glimt,NOR,1,1562.24414062,2021-05-31,2021-06-13
None,APOEL,CYP,0,1561.55407715,2020-12-11,2021-07-01
None,Strasbourg,FRA,1,1561.48962402,2021-05-24,2021-08-03
None,CFR Cluj,ROM,1,1558.99975586,2021-05-26,2021-07-06
None,Nantes,FRA,1,1558.54882812,2021-05-24,2021-08-03
None,Celtic,SCO,1,1557.86169434,2021-05-16,2021-07-20
None,Zorya,UKR,1,1557.61791992,2021-05-10,2021-07-22
None,Saint-Etienne,FRA,1,1555.6003418,2021-05-24,2021-08-03
None,Fuerth,GER,2,1555.50683594,2021-05-24,2021-07-01
None,Duesseldorf,GER,2,1551.24536133,2021-05-24,2021-07-25
None,M Tel Aviv,ISR,1,1549.82519531,2021-05-31,2021-07-07
None,PAOK,GRE,1,1547.84008789,2021-05-17,2021-07-21
None,FC Kobenhavn,DEN,1,1547.19787598,2021-05-25,2021-07-18
None,Malmoe,SWE,1,1546.62561035,2021-05-25,2021-07-03
None,Barnsley,ENG,2,1546.41357422,2021-05-27,2021-08-07
None,Empoli,ITA,2,1543.61633301,2021-05-11,2021-07-01
None,Spezia,ITA,1,1542.16235352,2021-05-24,2021-08-19
None,Hamburg,GER,2,1541.0637207,2021-05-24,2021-07-23
None,Sturm Graz,AUT,1,1540.97314453,2021-05-23,2021-07-20
None,Metz,FRA,1,1540.72033691,2021-05-24,2021-08-03
None,Ferencvaros,HUN,1,1540.5567627,2021-05-09,2021-07-06
None,Spartak Moskva,RUS,1,1540.32348633,2021-05-17,2021-07-22
None,Gijon,ESP,2,1540.2208252,2021-05-31,2021-08-15
None,Partizan,SRB,1,1539.61694336,2021-05-19,2021-07-17
None,Holstein,GER,2,1537.8536377,2021-05-24,2021-07-25
None,Bordeaux,FRA,1,1536.04699707,2021-05-24,2021-08-03
None,QPR,ENG,2,1535.19177246,2021-05-27,2021-08-07
None,Gent,BEL,1,1534.61047363,2021-05-23,2021-07-22
None,Brondby,DEN,1,1534.26647949,2021-05-25,2021-07-18
None,Anderlecht,BEL,1,1531.83959961,2021-05-24,2021-07-22
None,Fenerbahce,TUR,1,1531.55749512,2021-05-16,2021-07-21
None,Darmstadt,GER,2,1530.99731445,2021-05-24,2021-07-24
None,Basel,SUI,1,1530.67895508,2021-05-22,2021-07-21
None,Rijeka,CRO,1,1523.70263672,2021-05-23,2021-07-07
None,Utrecht,NED,1,1523.44470215,2021-05-24,2021-07-21
None,Reading,ENG,2,1522.81799316,2021-05-27,2021-08-07
None,CSKA Moskva,RUS,1,1522.79443359,2021-05-17,2021-07-22
None,Trabzonspor,TUR,1,1521.09387207,2021-05-16,2021-07-21
None,Lorient,FRA,1,1521.05187988,2021-05-24,2021-08-03
None,Antwerp,BEL,1,1520.73864746,2021-05-24,2021-07-22
None,Sochi,RUS,1,1519.45690918,2021-05-17,2021-07-22
None,Apollon Lemesos,CYP,0,1518.65319824,2020-12-11,2021-07-20
None,Angers,FRA,1,1518.56884766,2021-05-24,2021-08-03
None,Benevento,ITA,1,1517.66296387,2021-05-24,2021-07-01
None,Tenerife,ESP,2,1517.58837891,2021-05-30,2021-08-15
None,Schalke,GER,1,1516.83300781,2021-05-23,2021-07-01
None,Fuenlabrada,ESP,2,1516.8026123,2021-05-31,2021-08-15
None,Maccabi Haifa,ISR,1,1516.64794922,2021-05-31,2021-07-07
None,Oviedo,ESP,2,1515.60717773,2021-05-30,2021-08-15
None,Brest,FRA,1,1514.15319824,2021-05-24,2021-08-03
None,Preston,ENG,2,1513.60388184,2021-05-27,2021-08-07
None,Blackburn,ENG,2,1511.59265137,2021-05-27,2021-08-07
None,Las Palmas,ESP,2,1511.04870605,2021-05-31,2021-08-15
None,Viktoria Plzen,CZE,1,1510.74255371,2021-05-30,2021-07-20
None,Vitesse,NED,1,1510.62976074,2021-05-17,2021-07-21
None,Clermont,FRA,2,1507.37561035,2021-05-16,2021-07-01
None,Rubin Kazan,RUS,1,1506.125,2021-05-17,2021-07-22
None,Hajduk,CRO,1,1503.63354492,2021-05-23,2021-07-07
None,Troyes,FRA,2,1503.44311523,2021-05-16,2021-07-01
None,Millwall,ENG,2,1503.40344238,2021-05-27,2021-08-07
None,Paderborn,GER,2,1502.65393066,2021-05-24,2021-07-24
None,Dynamo Moskva,RUS,1,1501.51269531,2021-05-17,2021-07-22
None,Jablonec,CZE,1,1501.07104492,2021-05-30,2021-07-20
None,FC Krasnodar,RUS,1,1500.72253418,2021-05-17,2021-07-22
None,Malaga,ESP,2,1500.52307129,2021-05-31,2021-08-16
None,Santa Clara,POR,1,1500.47851562,2021-05-20,2021-07-22
None,Alcorcon,ESP,2,1500.00756836,2021-05-31,2021-08-14
None,Stoke,ENG,2,1499.8692627,2021-05-27,2021-08-07
None,Sivasspor,TUR,1,1499.62646484,2021-05-16,2021-07-21
None,Nimes,FRA,1,1498.31274414,2021-05-24,2021-07-01
None,Razgrad,BUL,1,1497.02197266,2021-05-27,2021-07-07
None,Middlesbrough,ENG,2,1496.03320312,2021-05-27,2021-08-08
None,Rosenborg,NOR,1,1495.96130371,2021-05-31,2021-06-13
None,Lecce,ITA,2,1494.79736328,2021-05-21,2021-08-19
None,Austria Wien,AUT,1,1494.3494873,2021-05-31,2021-07-20
None,Zaragoza,ESP,2,1494.32287598,2021-05-31,2021-08-13
None,Venezia,ITA,2,1494.06787109,2021-05-28,2021-07-01
None,Forest,ENG,2,1493.89733887,2021-05-27,2021-08-08
None,AEK,GRE,1,1491.62280273,2021-05-17,2021-07-21
None,Parma,ITA,1,1490.37426758,2021-05-23,2021-07-01
None,Moreirense,POR,1,1490.27307129,2021-05-20,2021-07-22
None,Karlsruhe,GER,2,1489.48168945,2021-05-24,2021-07-24
None,Heidenheim,GER,2,1489.35510254,2021-05-24,2021-07-24
None,Ponferradina,ESP,2,1486.31762695,2021-05-31,2021-08-14
None,Salernitana,ITA,2,1484.49353027,2021-05-11,2021-07-01
None,Mirandes,ESP,2,1483.64599609,2021-05-31,2021-08-16
None,Wolfsberg,AUT,1,1483.48046875,2021-05-31,2021-07-20
None,Luton,ENG,2,1483.40527344,2021-05-27,2021-08-07
None,Guimaraes,POR,1,1481.9909668,2021-05-20,2021-07-22
None,Famalicao,POR,1,1481.91882324,2021-05-20,2021-07-22
None,Crotone,ITA,1,1481.16796875,2021-05-23,2021-07-01
None,Toulouse,FRA,2,1480.83398438,2021-05-22,2021-07-24
None,Cartagena,ESP,2,1480.20825195,2021-05-31,2021-08-16
None,Brescia,ITA,2,1479.21643066,2021-05-14,2021-08-19
None,Mechelen,BEL,1,1477.78198242,2021-05-23,2021-07-22
None,Aarhus,DEN,1,1475.67248535,2021-05-29,2021-07-18
None,CSKA Sofia,BUL,1,1473.6920166,2021-05-27,2021-07-07
None,Legia,POL,1,1473.29724121,2021-05-17,2021-07-07
None,Pacos Ferreira,POR,1,1472.43408203,2021-05-19,2021-07-22
None,Sabadell,ESP,2,1471.74389648,2021-05-31,2021-07-01
None,Rio Ave,POR,1,1471.1998291,2021-05-20,2021-07-01
None,Coventry,ENG,2,1470.67944336,2021-05-27,2021-08-08
None,Omonia,CYP,0,1470.26477051,2020-12-11,2021-07-20
None,Chievo,ITA,2,1469.02282715,2021-05-14,2021-07-01
None,Lugano,SUI,1,1466.67993164,2021-05-22,2021-07-21
None,Hannover,GER,2,1466.13183594,2021-05-24,2021-07-24
None,Luzern,SUI,1,1465.17102051,2021-05-22,2021-07-21
None,Nuernberg,GER,2,1464.15612793,2021-05-24,2021-07-25
None,Cittadella,ITA,2,1463.18408203,2021-05-28,2021-08-19
None,Steaua,ROM,1,1462.5480957,2021-05-26,2021-07-06
None,Monza,ITA,2,1461.18188477,2021-05-21,2021-08-19
None,StGallen,SUI,1,1460.33117676,2021-05-22,2021-07-21
None,Slovacko,CZE,1,1460.32189941,2021-05-30,2021-07-20
None,Lugo,ESP,2,1459.87438965,2021-05-31,2021-08-15
None,HNK Gorica,CRO,1,1459.16955566,2021-05-23,2021-07-07
None,Boavista,POR,1,1458.84509277,2021-05-20,2021-07-22
None,Panathinaikos,GRE,1,1456.16442871,2021-05-17,2021-07-21
None,Rostov,RUS,1,1456.11083984,2021-05-17,2021-07-22
None,Huddersfield,ENG,2,1453.76342773,2021-05-27,2021-08-07
None,St Pauli,GER,2,1452.22644043,2021-05-24,2021-07-25
None,Djurgarden,SWE,1,1452.04870605,2021-05-24,2021-07-05
None,Slovan Liberec,CZE,1,1450.78771973,2021-05-30,2021-07-20
None,Standard,BEL,1,1449.87548828,2021-05-23,2021-07-22
None,Desna,UKR,1,1449.06298828,2021-05-10,2021-07-22
None,Gil Vicente,POR,1,1448.70874023,2021-05-20,2021-07-22
None,Belenenses,POR,1,1448.00366211,2021-05-20,2021-07-22
None,Anorthosis,CYP,0,1447.94836426,2020-12-11,2021-07-20
None,Terek Grozny,RUS,1,1446.74633789,2021-05-17,2021-07-22
None,Groningen,NED,1,1445.2857666,2021-05-20,2021-07-21
None,Derby,ENG,2,1444.27807617,2021-05-27,2021-08-07
None,Nordsjaelland,DEN,1,1444.01843262,2021-05-25,2021-07-18
None,Kolos,UKR,1,1443.73303223,2021-05-10,2021-07-22
None,Paris FC,FRA,2,1443.12158203,2021-05-16,2021-07-24
None,Charleroi,BEL,1,1442.00012207,2021-04-18,2021-07-22
None,Bueyueksehir,TUR,1,1441.63745117,2021-05-16,2021-07-21
None,Cremonese,ITA,2,1439.9777832,2021-05-11,2021-08-19
None,Birmingham,ENG,2,1439.31982422,2021-05-27,2021-08-07
None,Sheffield Weds,ENG,2,1438.70056152,2021-05-27,2021-07-01
None,Karabakh Agdam,AZE,0,1438.69885254,2020-12-04,2021-07-07
None,Craiova,ROM,1,1438.6105957,2021-05-27,2021-07-06
None,Servette,SUI,1,1438.38525391,2021-05-22,2021-07-21
None,Albacete,ESP,2,1437.20336914,2021-05-31,2021-07-01
None,Spal,ITA,2,1437.13623047,2021-05-11,2021-08-19
None,Aris,GRE,1,1437.02929688,2021-05-17,2021-07-21
None,Alanyaspor,TUR,1,1435.97839355,2021-05-16,2021-07-21
None,Auxerre,FRA,2,1435.04064941,2021-05-16,2021-07-24
None,Sparta Rotterdam,NED,1,1434.43774414,2021-05-20,2021-07-21
None,Frosinone,ITA,2,1433.98864746,2021-05-11,2021-08-19
None,Hartberg,AUT,1,1433.95593262,2021-05-25,2021-07-20
None,Valerenga,NOR,1,1433.41442871,2021-05-31,2021-06-13
None,Aue,GER,2,1433.19726562,2021-05-24,2021-07-25
None,Soligorsk,BLR,1,1432.95275879,2021-05-30,2021-06-12
None,Portimonense,POR,1,1432.67370605,2021-05-20,2021-07-22
None,Zuerich,SUI,1,1431.44482422,2021-05-22,2021-07-21
None,FC Khimki,RUS,1,1431.40307617,2021-05-17,2021-07-22
None,Aalborg,DEN,1,1430.93334961,2021-05-29,2021-07-18
None,Sion,SUI,1,1430.6796875,2021-05-22,2021-07-21
None,Reggina,ITA,2,1429.02392578,2021-05-11,2021-08-19
None,Wycombe,ENG,2,1428.66674805,2021-05-27,2021-07-01
None,Heracles,NED,1,1428.34973145,2021-05-17,2021-07-21
None,Oostende,BEL,1,1425.82092285,2021-05-23,2021-07-22
None,Grenoble,FRA,2,1422.34997559,2021-05-22,2021-07-24
None,Hatayspor,TUR,1,1421.02526855,2021-05-16,2021-07-21
None,Randers,DEN,1,1420.9967041,2021-05-25,2021-07-18
None,Regensburg,GER,2,1420.68322754,2021-05-24,2021-07-24
None,Logrones,ESP,2,1420.09521484,2021-05-31,2021-07-01
None,Dijon,FRA,1,1420.07958984,2021-05-24,2021-07-01
None,Wattens,AUT,1,1419.96154785,2021-05-23,2021-07-20
None,Lausanne,SUI,1,1419.76831055,2021-05-22,2021-07-21
None,Pisa,ITA,2,1418.59277344,2021-05-11,2021-08-19
None,Castellon,ESP,2,1418.43774414,2021-05-31,2021-07-01
None,Sverdlovsk,RUS,1,1418.03918457,2021-05-17,2021-07-22
None,Maritimo,POR,1,1417.92321777,2021-05-20,2021-07-22
None,Bristol City,ENG,2,1417.58898926,2021-05-27,2021-08-07
None,Fatih Karaguemruek,TUR,1,1416.44775391,2021-05-16,2021-07-21
None,Sandhausen,GER,2,1416.14709473,2021-05-24,2021-07-25
None,Guingamp,FRA,2,1416.05273438,2021-05-16,2021-07-24
None,Gaziantep FK,TUR,1,1412.84643555,2021-05-16,2021-07-21
None,Videoton,HUN,1,1412.76501465,2021-05-10,2021-07-06
None,Norrkoeping,SWE,1,1411.828125,2021-05-25,2021-07-03
None,Rotherham,ENG,2,1411.78955078,2021-05-27,2021-07-01
None,Banik Ostrava,CZE,1,1411.05871582,2021-05-30,2021-07-20
None,BATE,BLR,1,1410.35632324,2021-05-30,2021-06-12
None,Rakow,POL,1,1409.37890625,2021-05-17,2021-07-07
None,Pordenone,ITA,2,1409.03039551,2021-05-11,2021-08-19
None,FK Astana,KAZ,0,1409.0213623,2020-09-18,2021-07-07
None,Vorskla,UKR,1,1407.46984863,2021-05-10,2021-07-22
None,Ufa,RUS,1,1407.37036133,2021-05-17,2021-07-22
None,Kristiansund,NOR,1,1406.7421875,2021-05-31,2021-06-12
None,Asteras Tripolis,GRE,1,1406.71350098,2021-05-17,2021-07-21
None,Vicenza,ITA,2,1406.19995117,2021-05-11,2021-08-19
None,Heerenveen,NED,1,1406.18652344,2021-05-17,2021-07-21
None,Lok Plovdiv,BUL,1,1404.96777344,2021-05-27,2021-07-07
None,AIK,SWE,1,1404.81494141,2021-05-23,2021-07-04
None,Zulte Waregem,BEL,1,1404.3614502,2021-04-19,2021-07-22
None,Bohemians Praha,CZE,1,1404.30102539,2021-05-30,2021-07-20
None,Tondela,POR,1,1402.47973633,2021-05-19,2021-07-22
None,Ascoli,ITA,2,1401.9654541,2021-05-11,2021-08-19
None,Olexandriya,UKR,1,1401.44836426,2021-05-10,2021-07-22
None,Odense,DEN,1,1399.26574707,2021-05-25,2021-07-16
None,Sepsi,ROM,1,1398.56140137,2021-05-31,2021-07-06
None,Zwolle,NED,1,1397.73242188,2021-05-17,2021-07-21
None,St Truiden,BEL,1,1396.95166016,2021-04-19,2021-07-22
None,Konyaspor,TUR,1,1396.89855957,2021-05-16,2021-07-21
None,Farense,POR,1,1393.6315918,2021-05-20,2021-07-01
None,Mlada Boleslav,CZE,1,1393.58435059,2021-05-30,2021-07-20
None,Eupen,BEL,1,1393.35461426,2021-04-18,2021-07-22
None,Amiens,FRA,2,1392.51330566,2021-05-16,2021-07-24
None,Dnipro,UKR,1,1392.30810547,2021-05-10,2021-07-22
None,Beer-Sheva,ISR,1,1391.21691895,2021-05-31,2021-07-07
None,Piast Gliwice,POL,1,1390.86157227,2021-05-17,2021-07-07
None,Willem II,NED,1,1390.03771973,2021-05-17,2021-07-21
None,Lech,POL,1,1389.1151123,2021-05-17,2021-07-07
None,Hammarby,SWE,1,1388.95471191,2021-05-24,2021-07-04
None,Hibernian,SCO,1,1388.82519531,2021-05-16,2021-07-20
None,Kortrijk,BEL,1,1388.13830566,2021-04-19,2021-07-22
None,Altach,AUT,1,1387.70812988,2021-05-22,2021-07-20
None,Nancy,FRA,2,1387.07751465,2021-05-16,2021-07-24
None,Elfsborg,SWE,1,1386.09667969,2021-05-25,2021-07-05
None,Le Havre,FRA,2,1384.875,2021-05-16,2021-07-24
None,Twente,NED,1,1383.02734375,2021-05-17,2021-07-21
None,Haecken,SWE,1,1382.78625488,2021-05-24,2021-07-04
None,Sochaux,FRA,2,1382.70031738,2021-05-16,2021-07-26
None,Ajaccio,FRA,2,1382.61621094,2021-05-16,2021-07-24
None,Beerschot AC,BEL,1,1382.45703125,2021-04-19,2021-07-22
None,Sittard,NED,1,1381.74865723,2021-05-17,2021-07-21
None,Viking,NOR,1,1380.98693848,2021-05-31,2021-06-13
None,Leuven,BEL,1,1379.58569336,2021-04-19,2021-07-22
None,Braunschweig,GER,2,1379.25219727,2021-05-24,2021-07-01
None,Kasimpasa,TUR,1,1378.9107666,2021-05-16,2021-07-21
None,Pogon,POL,1,1378.19189453,2021-05-17,2021-07-07
None,Goeztepe,TUR,1,1376.92480469,2021-05-16,2021-07-21
None,Osnabrueck,GER,2,1376.53894043,2021-05-24,2021-07-01
None,Emmen,NED,1,1372.02941895,2021-05-17,2021-07-01
None,Slovan Bratislava,SLK,0,1371.84301758,2020-09-25,2021-07-06
None,Ried,AUT,1,1371.72583008,2021-05-22,2021-07-20
None,Aberdeen,SCO,1,1371.08300781,2021-05-16,2021-07-20
None,Dunajska,SLK,0,1370.3260498,2020-09-25,2021-07-06
None,Malatyaspor,TUR,1,1366.01416016,2021-05-16,2021-07-21
None,Tula,RUS,1,1365.42114258,2021-05-17,2021-07-22
None,Cukaricki,SRB,1,1364.96386719,2021-05-19,2021-07-16
None,Haugesund,NOR,1,1364.93664551,2021-05-31,2021-06-13
None,Sigma Olomouc,CZE,1,1364.52526855,2021-05-30,2021-07-20
None,Pardubice,CZE,1,1364.15563965,2021-05-30,2021-07-20
None,Vaduz,LIE,1,1363.43432617,2021-05-22,2021-07-01
None,Mouscron,BEL,1,1362.27453613,2021-04-19,2021-07-01
None,Pau,FRA,2,1362.18139648,2021-05-16,2021-07-24
None,Antalyaspor,TUR,1,1361.23034668,2021-05-16,2021-07-21
None,Cosenza,ITA,2,1361.22741699,2021-05-11,2021-08-19
None,Stabaek,NOR,1,1360.91967773,2021-05-31,2021-06-14
None,Odd Grenland,NOR,1,1356.87634277,2021-05-31,2021-06-12
None,Wuerzburg,GER,2,1356.13085938,2021-05-24,2021-07-01
None,Zilina,SLK,0,1354.58410645,2020-09-25,2021-07-06
None,Rodez,FRA,2,1353.85778809,2021-05-16,2021-07-24
None,Ilichivets,UKR,1,1351.60144043,2021-05-10,2021-07-22
None,Botosani,ROM,1,1351.48291016,2021-05-28,2021-07-06
None,SonderjyskE,DEN,1,1351.14868164,2021-05-25,2021-07-19
None,Rizespor,TUR,1,1350.76159668,2021-05-16,2021-07-21
None,Valenciennes,FRA,2,1349.76037598,2021-05-16,2021-07-24
None,Lok Zagreb,CRO,1,1349.38000488,2021-05-23,2021-07-07
None,Ruzomberok,SLK,0,1348.80334473,2020-09-25,2021-07-01
None,Rukh Lviv,UKR,1,1347.97106934,2021-05-10,2021-07-22
None,Cercle Brugge,BEL,1,1346.79345703,2021-04-19,2021-07-22
None,Lechia,POL,1,1346.21044922,2021-05-17,2021-07-07
None,Dinamo Brest,BLR,1,1345.58654785,2021-05-31,2021-06-13
None,Kayseri,TUR,1,1344.41113281,2021-05-16,2021-07-21
None,Slask,POL,1,1343.78271484,2021-05-17,2021-07-07
None,Ashdod,ISR,1,1343.54528809,2021-05-31,2021-07-07
None,Caen,FRA,2,1340.07556152,2021-05-16,2021-07-24
None,Puskas Akademia,HUN,1,1339.97961426,2021-05-10,2021-07-06
None,Reggiana,ITA,2,1335.55773926,2021-05-11,2021-07-01
None,St Poelten,AUT,1,1334.75476074,2021-05-22,2021-07-01
None,Inhulets,UKR,1,1334.30688477,2021-05-10,2021-07-22
None,Goeteborg,SWE,1,1334.21276855,2021-05-24,2021-07-05
None,Viitorul,ROM,1,1334.1809082,2021-05-31,2021-07-06
None,Slaven Belupo,CRO,1,1333.13012695,2021-05-23,2021-07-07
None,Nacional,POR,1,1332.24316406,2021-05-20,2021-07-01
None,Vejle,DEN,1,1332.20239258,2021-05-25,2021-07-18
None,Admira,AUT,1,1331.91711426,2021-05-22,2021-07-20
None,Lubin,POL,1,1331.87231445,2021-05-17,2021-07-07
None,Erzurum BB,TUR,1,1329.62414551,2021-05-12,2021-07-01
None,Sarpsborg,NOR,1,1329.45300293,2021-05-31,2021-06-13
None,Novi Sad,SRB,1,1328.64208984,2021-05-20,2021-07-16
None,Paksi,HUN,1,1328.32495117,2021-05-10,2021-07-06
None,St Johnstone,SCO,1,1328.22753906,2021-05-16,2021-07-20
None,Mura,SVN,1,1327.859375,2021-05-23,2021-07-06
None,Clinceni,ROM,1,1325.14904785,2021-05-27,2021-07-06
None,Pescara,ITA,2,1324.95397949,2021-05-11,2021-07-01
None,Atromitos,GRE,1,1324.25720215,2021-05-16,2021-07-21
None,Beitar,ISR,1,1324.0135498,2021-05-09,2021-07-07
None,Levski,BUL,1,1323.31140137,2021-05-24,2021-07-07
None,Dunkerque,FRA,2,1323.01013184,2021-05-16,2021-07-24
None,Chambly Oise,FRA,2,1322.10668945,2021-05-16,2021-07-01
None,Cracovia,POL,1,1321.44018555,2021-05-17,2021-07-07
None,Ceske Budejovice,CZE,1,1321.09362793,2021-05-30,2021-07-20
None,Mjaellby,SWE,1,1318.6619873,2021-05-23,2021-07-04
None,Ankaraguecue,TUR,1,1316.91552734,2021-05-16,2021-07-01
None,Hapoel Eran Hadera,ISR,1,1316.19128418,2021-05-10,2021-07-07
None,Netanya,ISR,1,1315.42407227,2021-05-21,2021-07-07
None,Rotor Volgograd,RUS,1,1314.12585449,2021-05-17,2021-07-01
None,Beveren,BEL,1,1314.01550293,2021-04-19,2021-07-01
None,Maribor,SVN,1,1314.00952148,2021-05-23,2021-07-06
None,Waalwijk,NED,1,1312.91699219,2021-05-17,2021-07-21
None,Gaz Metan,ROM,1,1311.90222168,2021-05-20,2021-07-06
None,Livingston,SCO,1,1311.19396973,2021-05-16,2021-07-20
None,Karvina,CZE,1,1310.42224121,2021-05-30,2021-07-20
None,Neftchi,AZE,0,1309.23168945,2020-12-04,2021-07-07
None,Gornik,POL,1,1307.49633789,2021-05-17,2021-07-07
None,Dinamo Minsk,BLR,1,1306.59277344,2021-05-29,2021-06-12
None,Genclerbirligi,TUR,1,1305.63586426,2021-05-16,2021-07-01
None,Zrinjski Mostar,BHZ,0,1305.31103516,2020-10-02,2021-07-01
None,FC Lviv,UKR,1,1305.00292969,2021-05-10,2021-07-22
None,Jagiellonia,POL,1,1303.48193359,2021-05-17,2021-07-07
None,Astra,ROM,1,1302.61437988,2021-05-20,2021-07-01
None,Brann,NOR,1,1302.48791504,2021-05-31,2021-06-13
None,Beroe Stara Zagora,BUL,1,1301.38806152,2021-05-27,2021-07-07
None,Lamia,GRE,1,1300.01806641,2021-05-16,2021-07-21
None,Sibenik,CRO,1,1299.08251953,2021-05-23,2021-07-07
None,Kiryat Shmona,ISR,1,1297.7286377,2021-05-31,2021-07-07
None,Sheriff Tiraspol,MOL,0,1297.0802002,2020-09-25,2021-07-07
None,Cherno More,BUL,1,1296.68408203,2021-05-31,2021-07-07
None,Kairat,KAZ,0,1295.82617188,2020-09-18,2021-07-07
None,Domzale,SVN,1,1295.52233887,2021-05-23,2021-07-06
None,Warta,POL,1,1294.88037109,2021-05-17,2021-07-07
None,Den Haag,NED,1,1294.41491699,2021-05-17,2021-07-01
None,Hapoel Haifa,ISR,1,1293.3269043,2021-05-21,2021-07-07
None,Niort,FRA,2,1293.17712402,2021-05-16,2021-07-24
None,Entella,ITA,2,1292.98413086,2021-05-11,2021-07-01
None,Backa Topola,SRB,1,1292.03271484,2021-05-19,2021-07-17
None,Motherwell,SCO,1,1291.93005371,2021-05-17,2021-07-20
None,Horsens,DEN,1,1291.3927002,2021-05-25,2021-07-01
None,Wisla,POL,1,1290.5168457,2021-05-17,2021-07-07
None,Plock,POL,1,1288.86572266,2021-05-17,2021-07-07
None,NFC Volos,GRE,1,1288.77746582,2021-05-16,2021-07-21
None,Mezokovesd-Zsory,HUN,1,1286.65063477,2021-05-08,2021-07-06
None,Olimpik Donetsk,UKR,1,1286.61608887,2021-05-10,2021-07-01
None,Chindia Targoviste,ROM,1,1286.52294922,2021-05-28,2021-07-06
None,Arda,BUL,1,1286.38928223,2021-05-31,2021-07-07
None,Teplice,CZE,1,1286.35595703,2021-05-30,2021-07-20
None,Kisvarda,HUN,1,1285.3840332,2021-05-10,2021-07-06
None,H Tel Aviv,ISR,1,1285.26306152,2021-05-25,2021-07-07
None,Venlo,NED,1,1284.89782715,2021-05-17,2021-07-01
None,Dinamo Bucuresti,ROM,1,1284.2746582,2021-05-20,2021-07-06
None,Varazdin,CRO,1,1283.4822998,2021-05-23,2021-07-01
None,Stromsgodset,NOR,1,1282.86035156,2021-05-31,2021-06-13
None,Olimpija Ljubljana,SVN,1,1281.3203125,2021-05-23,2021-07-06
None,FK Sarajevo,BHZ,0,1281.31665039,2020-10-02,2021-07-06
None,Inter Baku,AZE,0,1281.21252441,2020-12-04,2021-07-07
None,Ujpest,HUN,1,1280.85522461,2021-05-09,2021-07-06
None,Arges Pitesti,ROM,1,1280.82824707,2021-05-20,2021-07-06
None,Oerebro,SWE,1,1278.94458008,2021-05-25,2021-07-05
None,St Mirren,SCO,1,1278.68359375,2021-05-17,2021-07-20
None,Mjondalen,NOR,1,1278.29614258,2021-05-31,2021-06-13
None,Zalaegerszegi,HUN,1,1277.85705566,2021-05-09,2021-07-06
None,Borac Banja Luka,BHZ,0,1277.23254395,2020-10-02,2021-07-06
None,Honved,HUN,1,1276.40405273,2021-05-09,2021-07-06
None,Zeljeznicar,BHZ,0,1276.20410156,2020-10-02,2021-07-01
None,Lyngby,DEN,1,1276.10632324,2021-05-25,2021-07-01
None,IK Sirius,SWE,1,1275.89672852,2021-05-23,2021-07-04
None,Mynai,UKR,1,1275.30529785,2021-05-10,2021-07-22
None,OFI,GRE,1,1272.97595215,2021-05-16,2021-07-21
None,Tambov,RUS,1,1272.91101074,2021-05-17,2021-07-01
None,Tescoma Zlin,CZE,1,1271.73901367,2021-05-30,2021-07-20
None,Shkendija,MAC,0,1270.68103027,2020-09-25,2021-07-06
None,Sandefjord,NOR,1,1270.28564453,2021-05-31,2021-06-12
None,Torpedo Zhodino,BLR,1,1270.17504883,2021-05-30,2021-06-13
None,Bnei Yehuda,ISR,1,1269.52307129,2021-05-21,2021-07-01
None,Sumqayit,AZE,0,1269.29345703,2020-12-04,2021-07-07
None,M Petach Tikva,ISR,1,1269.23608398,2021-05-31,2021-07-07
None,Voluntari,ROM,1,1268.1529541,2021-05-20,2021-07-06
None,Kilmarnock,SCO,1,1267.32299805,2021-05-17,2021-07-01
None,CSKA 1948 Sofia,BUL,1,1267.05517578,2021-05-27,2021-07-07
None,Ostersund,SWE,1,1266.92858887,2021-05-23,2021-07-03
None,Varbergs,SWE,1,1266.30529785,2021-05-24,2021-07-04
None,Kalmar,SWE,1,1266.11352539,2021-05-24,2021-07-04
None,Istra 1961,CRO,1,1265.49829102,2021-05-23,2021-07-07
None,Tromso,NOR,1,1264.72192383,2021-05-31,2021-06-14
None,Brno,CZE,1,1264.48059082,2021-05-30,2021-07-01
None,Chateauroux,FRA,2,1263.93212891,2021-05-16,2021-07-01
None,Nis,SRB,1,1262.64111328,2021-05-20,2021-07-18
None,UTA Arad,ROM,1,1261.8112793,2021-05-20,2021-07-06
None,Lillestrom,NOR,1,1261.53356934,2021-05-31,2021-06-13
None,Hermannstadt,ROM,1,1259.52587891,2021-05-20,2021-07-01
None,Ordabasy,KAZ,0,1257.49951172,2020-09-18,2021-07-01
None,Ventspils,LAT,0,1256.74267578,2020-09-25,2021-07-01
None,Suduva,LIT,0,1256.44262695,2020-09-25,2021-07-06
None,Denizlispor,TUR,1,1254.32458496,2021-05-16,2021-07-01
None,Kaisar,KAZ,0,1251.49389648,2020-09-18,2021-07-01
None,Larisa,GRE,1,1250.43041992,2021-05-17,2021-07-01
None,MTK,HUN,1,1249.10412598,2021-05-08,2021-07-06
None,Degerfors,SWE,1,1247.59667969,2021-05-24,2021-07-03
None,Panetolikos,GRE,1,1246.13647461,2021-05-16,2021-07-21
None,Dundee United,SCO,1,1243.07617188,2021-05-17,2021-07-20
None,Stal Mielec,POL,1,1242.52453613,2021-05-17,2021-07-07
None,Giannina,GRE,1,1240.90161133,2021-05-20,2021-07-21
None,Ross County,SCO,1,1240.74707031,2021-05-17,2021-07-20
None,Apollon Athens,GRE,1,1240.16552734,2021-05-20,2021-07-21
None,Slavia Sofia,BUL,1,1239.86450195,2021-05-22,2021-07-07
None,Bravo,SVN,1,1239.68786621,2021-05-23,2021-07-06
None,Krusevac,SRB,1,1239.10388184,2021-05-20,2021-07-19
None,Pribram,CZE,1,1238.63598633,2021-05-30,2021-07-01
None,Mladost Lucani,SRB,1,1237.37915039,2021-05-19,2021-07-18
None,Kukesi,ALB,0,1237.00085449,2020-10-02,2021-07-01
None,Botev Plovdiv,BUL,1,1235.19799805,2021-05-24,2021-07-07
None,Celje,SVN,1,1233.43310547,2021-05-23,2021-07-06
None,Lok Tbilisi,GEO,0,1232.36706543,2020-09-25,2021-07-01
None,Sfintul Gheorghe,MOL,0,1229.6739502,2020-09-25,2021-07-07
None,Rukh Brest,BLR,1,1228.74023438,2021-05-29,2021-06-13
None,Halmstad,SWE,1,1226.46118164,2021-05-24,2021-07-04
None,Radnik Surdulica,SRB,1,1221.76098633,2021-05-19,2021-07-19
None,Aluminij,SVN,1,1221.13623047,2021-05-23,2021-07-06
None,Zlatibor,SRB,1,1220.85717773,2021-05-20,2021-07-18
None,Vozdovac Beograd,SRB,1,1219.37036133,2021-05-20,2021-07-16
None,Diosgyori,HUN,1,1216.8449707,2021-05-10,2021-07-01
None,Bnei Sakhinin,ISR,1,1215.953125,2021-05-25,2021-07-07
None,Tabor Sezana,SVN,1,1213.26855469,2021-05-23,2021-07-06
None,Tirana,ALB,0,1211.65100098,2020-10-02,2021-07-01
None,Dundalk,IRL,0,1210.94165039,2020-12-11,2021-07-07
None,Proleter Novi Sad,SRB,1,1210.8145752,2021-05-20,2021-07-17
None,Zalgiris Vilnius,LIT,0,1210.41113281,2020-09-25,2021-07-06
None,Kuopio,FIN,0,1210.2199707,2020-10-02,2021-07-06
None,Isloch,BLR,1,1208.56030273,2021-05-31,2021-06-13
None,Hamilton,SCO,1,1205.69616699,2021-05-17,2021-07-01
None,Tsarsko Selo,BUL,1,1205.4128418,2021-05-24,2021-07-07
None,Batumi,GEO,0,1201.6640625,2020-09-25,2021-07-07
None,Podbeskidzie,POL,1,1201.5012207,2021-05-17,2021-07-01
None,Laci,ALB,0,1200.9510498,2020-10-02,2021-07-06
None,Teuta Durres,ALB,0,1200.27612305,2020-10-02,2021-07-06
None,Saburtalo,GEO,0,1199.49133301,2020-09-25,2021-07-01
None,Metalac Gornji Milanovac,SRB,1,1196.54626465,2021-05-20,2021-07-19
None,FK Vitebsk,BLR,1,1196.53283691,2021-05-29,2021-06-12
None,Mioveni,ROM,1,1195.87573242,2020-12-11,2021-07-06
None,Dinamo Tbilisi,GEO,0,1194.83093262,2020-09-25,2021-07-07
None,Niedercorn,LUX,0,1194.21325684,2020-09-18,2021-07-01
None,FK Riga,LAT,0,1194.14428711,2020-09-25,2021-07-07
None,Opava,CZE,1,1193.62011719,2021-05-30,2021-07-01
None,Etar,BUL,1,1191.05810547,2021-05-22,2021-07-01
None,Bohemians Dublin,IRL,0,1190.81750488,2020-12-11,2021-07-07
None,Iasi,ROM,1,1188.95263672,2021-05-20,2021-07-01
None,Novi Pazar,SRB,1,1186.06665039,2021-05-20,2021-07-17
None,Trakai,LIT,0,1185.99707031,2020-09-25,2021-07-01
None,HJK Helsinki,FIN,0,1182.24060059,2021-01-01,2021-07-06
None,Lozinca,SRB,1,1181.77246094,2021-05-20,2021-07-01
None,Shamrock,IRL,0,1181.24414062,2020-12-11,2021-07-07
None,Honka Espoo,FIN,0,1180.12780762,2020-10-02,2021-07-06
None,Derry City,IRL,0,1177.85217285,2020-12-11,2021-07-01
None,Inter Turku,FIN,0,1177.59069824,2020-10-02,2021-07-06
None,Neman Grodno,BLR,1,1177.20080566,2021-05-30,2021-06-12
None,Gomel,BLR,1,1176.08886719,2021-05-31,2021-06-11
None,Botev Vratsa,BUL,1,1175.65588379,2021-05-29,2021-07-07
None,Kfar-Saba,ISR,1,1175.64538574,2021-05-21,2021-07-01
None,Rad,SRB,1,1166.77587891,2021-05-20,2021-07-01
None,Renova,MAC,0,1163.09313965,2020-09-25,2021-07-01
None,FK Minsk,BLR,1,1158.27307129,2021-05-31,2021-06-11
None,Kauno Zalgiris,LIT,0,1157.21948242,2020-09-25,2021-07-06
None,Valmieras,LAT,0,1153.42419434,2020-09-25,2021-07-07
None,RFS,LAT,0,1152.67553711,2020-09-25,2021-07-07
None,Alashkert,ARM,0,1151.78112793,2020-10-02,2021-07-07
None,Budafoki,HUN,1,1151.29455566,2021-05-10,2021-07-01
None,Koper,SVN,1,1146.57141113,2021-05-23,2021-07-06
None,Ararat-Armenia,ARM,0,1146.38818359,2020-10-02,2021-07-01
None,Zvyazda BDU,BLR,1,1145.61096191,2021-05-31,2021-06-11
None,Fola Esch,LUX,0,1145.2286377,2020-09-18,2021-07-06
None,Differdang,LUX,0,1139.39941406,2020-09-18,2021-07-01
None,Sileks,MAC,0,1135.92358398,2020-09-25,2021-07-06
None,Vikingur,ISL,0,1135.80212402,2020-09-18,2021-07-01
None,Dunav Ruse,BUL,1,1134.12414551,2020-12-11,2021-07-01
None,Breidablik,ISL,0,1132.35083008,2020-09-18,2021-07-07
None,Hafnarfjoerdur,ISL,0,1132.13000488,2020-09-18,2021-07-07
None,Shkupi,MAC,0,1130.14257812,2020-09-25,2021-07-06
None,Slavia Mozyr,BLR,1,1130.12255859,2021-05-30,2021-06-11
None,Montana 1921,BUL,1,1128.65368652,2021-05-22,2021-07-01
None,KR Reykjavik,ISL,0,1125.51245117,2020-09-18,2021-07-01
None,Nova Gorica,SVN,1,1112.8347168,2021-05-23,2021-07-01
None,Podgorica,MNT,0,1107.33459473,2020-09-25,2021-07-06
None,Septemvri Sofia,BUL,1,1106.90808105,2021-05-29,2021-07-01
None,Shirak,ARM,0,1096.18078613,2020-10-02,2021-07-01
None,Drita,KOS,0,1094.19677734,2020-09-25,2021-06-22
None,Noah,ARM,0,1093.6394043,2020-10-02,2021-07-07
None,Slutsk,BLR,1,1093.15844727,2021-05-31,2021-06-12
None,Coleraine,NIR,0,1087.39196777,2020-09-18,2021-07-06
None,Indija,SRB,1,1087.15368652,2021-05-19,2021-07-01
None,Cajetina,SRB,1,1083.0871582,2021-05-19,2021-07-01
None,KF Gjilani,KOS,0,1077.81958008,2020-09-25,2021-06-22
None,Valletta,MLT,0,1074.51660156,2020-09-25,2021-07-01
None,Glentoran,NIR,0,1073.39477539,2020-09-18,2021-07-06
None,Zeta Golubovci,MNT,0,1072.79345703,2020-09-25,2021-07-01
None,Danilovgrad,MNT,0,1066.94873047,2020-09-25,2021-07-01
None,Nomme Kalju,EST,0,1065.63830566,2020-10-02,2021-07-01
None,The New Saints,WAL,0,1063.88989258,2020-09-18,2021-07-07
None,Hibernians Paola,MLT,0,1061.38256836,2020-09-25,2021-07-06
None,Linfield,NIR,0,1058.38195801,2020-09-18,2021-07-06
None,Sputnik,BLR,1,1052.82373047,2021-05-30,2021-06-12
None,Smorgon,BLR,1,1049.98852539,2021-05-29,2021-06-12
None,Sutjeska,MNT,0,1049.18823242,2020-09-25,2021-07-06
None,Floriana,MLT,0,1048.71386719,2020-09-25,2021-07-01
None,Sirens,MLT,0,1040.51538086,2020-09-25,2021-07-01
None,Connahs Quay,WAL,0,1031.27770996,2020-09-18,2021-07-07
None,Flora Tallinn,EST,0,1029.99707031,2020-10-02,2021-07-06
None,Macva Sabac,SRB,1,1027.94116211,2021-05-19,2021-07-01
None,Klaksvik,FAR,0,1026.73376465,2020-10-02,2021-06-22
None,Backa Palanka,SRB,1,1024.65917969,2021-05-20,2021-07-01
None,Bala,WAL,0,1013.62994385,2020-09-18,2021-07-07
None,Paide Linnameeskond,EST,0,997.050842285,2020-10-02,2021-07-06
None,FC Infonet,EST,0,989.076904297,2020-10-02,2021-07-06
None,B 36 Torshavn,FAR,0,968.283630371,2020-10-02,2021-06-22
None,Barry Town,WAL,0,965.284729004,2020-09-18,2021-07-01
None,Runavik,FAR,0,961.57800293,2020-10-02,2021-06-22
None,HB Torshavn,FAR,0,952.524169922,2020-10-02,2021-06-22
None,College Europa,GIB,0,929.908874512,2020-09-18,2021-07-06
None,St Josephs,GIB,0,909.615661621,2020-09-18,2021-07-06
None,Lincoln,GIB,0,901.488525391,2020-09-18,2021-07-06
None,Engordany,AND,0,778.219299316,2020-09-18,2021-06-22
None,Santa Coloma,AND,0,777.84564209,2020-09-18,2021-06-22
None,Escaldes,AND,0,763.257568359,2020-09-18,2021-06-22
None,Tre Fiori,SMR,0,698.554321289,2020-09-18,2021-06-22
None,Tre Penne,SMR,0,667.417541504,2020-09-18,2021-06-22
None,La Fiorita,SMR,0,654.098266602,2020-09-18,2021-06-22


