team_id,team_name,stats_roster_size,stats_matches_played,stats_ttl_gls,stats_ttl_ast,stats_ttl_non_pen_gls,stats_ttl_xg,stats_ttl_non_pen_xg,stats_ttl_xag,stats_ttl_pk_made,stats_ttl_pk_att,stats_ttl_yellow_cards,stats_ttl_red_cards,stats_ttl_carries_prog,stats_ttl_passes_prog,stats_avg_gls,stats_avg_ast,stats_avg_non_pen_gls,stats_avg_xg,stats_avg_xag,stats_avg_non_pen_xg,keepers_ttl_gls_ag,keepers_avg_gls_ag,keepers_sot_ag,keepers_ttl_saves,keepers_save_pct,keepers_clean_sheets,keepers_clean_sheet_pct,keepers_pk_att_ag,keepers_pk_made_ag,keepers_pk_saved,keepers_pk_miss_ag,keepers_pk_save_pct,keepersadv_ttl_pk_att_ag,keepersadv_ttl_fk_gls_ag,keepersadv_ttl_ck_gls_ag,keepersadv_ttl_og_ag,keepersadv_ttl_psxg,keepersadv_psxg_per_sot,keepersadv_ttl_launched_pass_cmp,keepersadv_ttl_launched_pass_att,keepersadv_pct_launched_pass_cmp,keepersadv_ttl_pass_att,keepersadv_ttl_throws_att,keepersadv_pct_passes_launched,keepersadv_avg_pass_len,keepersadv_ttl_gk_att,keepersadv_pct_gk_launch,keepersadv_avg_gk_len,keepersadv_ttl_crosses_faced,keepersadv_ttl_crosses_stopped,keepersadv_pct_crosses_stopped,keepersadv_ttl_def_action_outside_box,keepersadv_avg_def_action_outside_box,keepersadv_avg_dist_def_action_outside_box,shooting_ttl_sh,shooting_ttl_sot,shooting_pct_sot,shooting_avg_sh,shooting_avg_sot,shooting_gls_per_sh,shooting_gls_per_sot,shooting_avg_sh_dist,shooting_ttl_fk_sh,shooting_npxg_per_sh,shooting_ttl_gls_xg_diff,shooting_ttl_non_pen_gls_xg_diff,passing_ttl_pass_cmp,passing_pct_pass_cmp,passing_pass_ttl_dist,passing_ttl_pass_cmp_s,passing_ttl_pass_att_s,passing_pct_pass_cmp_s,passing_ttl_pass_cmp_m,passing_ttl_pass_att_m,passing_pct_pass_cmp_m,passing_ttl_pass_cmp_l,passing_ttl_pass_att_l,passing_pct_pass_cmp_l,passing_ttl_xa,passing_ttl_ast_xag_diff,passing_ttl_pass_prog,passing_pass_prog_ttl_dist,passing_ttl_key_passes,passing_ttl_pass_fthird,passing_ttl_pass_opp_box,passing_ttl_cross_opp_box,passing_types_ttl_pass_live,passing_types_ttl_pass_dead,passing_types_ttl_pass_fk,passing_types_ttl_through_balls,passing_types_ttl_switches,passing_types_ttl_crosses,passing_types_ttl_pass_offside,passing_types_ttl_pass_blocked,passing_types_ttl_throw_ins,passing_types_ttl_ck,passing_types_ck_in_swinger,passing_types_ck_out_swinger,passing_types_ck_straight,gca_ttl_sca,gca_avg_sca,gca_ttl_pass_live_sca,gca_ttl_take_on_sca,gca_ttl_sh_sca,gca_ttl_fld_sca,gca_ttl_def_sca,gca_ttl_gca,gca_avg_gca,gca_ttl_pass_live_gca,gca_ttl_pass_dead_gca,gca_ttl_take_on_gca,gca_ttl_sh_gca,gca_ttl_fld_gca,gca_ttl_def_gca,defense_ttl_tkl,defense_ttl_tkl_won,defense_ttl_tkl_def_third,defense_ttl_tkl_mid_third,defense_ttl_tkl_att_third,defense_ttl_tkl_drb,defense_ttl_tkl_drb_att,defense_pct_tkl_drb_suc,defense_ttl_blocks,defense_ttl_sh_blocked,defense_ttl_int,defense_ttl_tkl_plus_int,defense_ttl_clearances,defense_ttl_def_error,possession_avg_poss,possession_ttl_touches,possession_ttl_touch_def_box,possession_ttl_touch_def_third,possession_ttl_touch_mid_third,possession_ttl_touch_fthird,possession_ttl_touch_opp_box,possession_ttl_touch_live,possession_ttl_take_on_att,possession_ttl_take_on_suc,possession_pct_take_on_suc,possession_ttl_take_on_tkld,possession_pct_take_on_tkld,possession_ttl_carries,possession_ttl_carries_dist,possession_ttl_carries_prog_dist,possession_ttl_carries_fthird,possession_ttl_carries_opp_box,possession_ttl_carries_miscontrolled,possession_ttl_carries_dispossessed,possession_ttl_pass_recvd,possession_ttl_pass_prog_rcvd,playingtime_avg_age,playingtime_avg_min_starter,playingtime_ttl_subs,playingtime_avg_min_sub,misc_ttl_second_yellow_cards,misc_ttl_fls_ag,misc_ttl_fls_for,misc_ttl_offside,misc_ttl_pk_won,misc_ttl_pk_conceded,misc_ttl_og,misc_ttl_ball_recov,misc_ttl_air_dual_won,misc_ttl_air_dual_lost,league_id,season_id,Elo
18bb7c10,Arsenal,25,38,86,62,76,76.1,68.5,55.3,10,10,64,2,821,2106,2.26,1.63,2.0,2.0,1.46,1.8,29,0.76,83,54,67.5,18,47.4,3,2,1,0,33.3,2,1,6,1,24.1,0.26,157,441,35.6,1058,189,35.1,30.7,195,35.9,31.1,375,48,12.8,59,1.55,17.9,647,209,32.3,17.03,5.5,0.12,0.36,15.8,6,0.11,9.9,7.5,19094,84.6,309533,9719,10643,91.3,7809,8765,89.1,1178,2162,54.5,57.8,6.7,2106,102210,513,1546,548,68,20941,1530,443,104,65,670,87,319,560,265,217,1,0,1185,31.18,926,58,66,33,20,152,4.0,104,16,8,11,13,0,610,348,257,246,107,271,543,49.9,412,106,292,902,515,18,58.2,26493,1974,6714,11407,8560,1480,26483,671,283,42.2,304,45.3,16297,81171,41510,575,327,525,375,18917,2088,25.0,84.0,154,17.0,1,391,394,87,9,3,1,1752,503,499,9,2023-2024,1946.90283203
8602292d,Aston Villa,31,38,72,55,68,63.3,60.3,48.6,4,4,94,2,775,1451,1.89,1.45,1.79,1.67,1.28,1.59,61,1.61,173,115,65.3,8,21.1,2,1,1,0,50.0,1,1,10,4,61.7,0.35,136,380,35.8,1386,176,21.8,27.1,246,31.7,29.5,419,51,12.2,70,1.84,8.4,511,182,35.6,13.45,4.79,0.13,0.37,16.0,15,0.12,8.7,7.7,16133,83.3,281128,7110,7878,90.3,7381,8273,89.2,1330,2368,56.2,42.5,6.4,1451,95293,398,1160,363,67,17499,1817,628,80,95,651,47,343,613,231,149,15,2,912,24.0,670,47,73,31,14,129,3.39,92,8,8,10,8,3,547,311,269,210,68,260,550,47.3,389,113,236,783,597,13,53.1,23059,2807,8171,9636,5459,1010,23055,757,345,45.6,315,41.6,14451,78629,41239,490,217,477,416,15824,1438,26.9,83.0,151,19.0,0,412,473,47,4,2,4,1619,334,363,9,2023-2024,1770.43505859
4ba7cbea,Bournemouth,30,38,52,39,50,55.9,53.6,40.5,2,3,79,3,709,1314,1.37,1.03,1.32,1.47,1.06,1.41,67,1.76,194,127,68.6,9,23.7,7,6,1,0,14.3,6,1,6,1,63.2,0.3,199,581,34.3,976,177,44.0,41.7,266,57.1,43.9,492,31,6.3,37,0.97,14.8,539,175,32.5,14.18,4.61,0.09,0.29,16.7,18,0.1,-3.9,-3.6,11899,74.7,220978,4976,5868,84.8,5270,6214,84.8,1393,2964,47.0,33.7,-1.5,1314,83235,414,1074,352,88,14065,1799,419,48,91,709,56,361,774,235,192,9,4,952,25.05,700,64,57,34,27,83,2.18,62,3,5,6,3,4,693,410,301,281,111,325,688,47.2,504,153,357,1050,817,16,44.4,20700,2486,6820,8469,5686,1033,20697,872,382,43.8,414,47.5,11015,66369,34635,513,240,637,386,11771,1296,25.7,82.0,170,20.0,0,507,376,56,3,7,1,2013,582,671,9,2023-2024,1691.12365723
cd051869,Brentford,28,38,54,38,51,58.2,56.0,42.7,3,3,89,2,505,1283,1.42,1.0,1.34,1.53,1.12,1.47,65,1.71,184,119,65.8,7,18.4,2,2,0,0,0.0,2,0,6,0,57.0,0.3,254,677,37.5,1330,136,37.1,34.5,318,57.5,44.9,605,46,7.6,38,1.0,12.6,470,159,33.8,12.37,4.18,0.11,0.32,15.6,17,0.12,-4.2,-5.0,12551,74.6,225971,5616,6628,84.7,5236,6432,81.4,1382,2776,49.8,40.0,-4.7,1283,88492,332,965,333,106,14996,1752,464,70,113,706,70,357,683,184,79,51,10,804,21.16,557,34,55,42,14,81,2.13,57,7,3,8,6,0,677,399,349,250,78,317,697,45.5,474,142,378,1055,903,18,45.2,21227,2878,7944,8253,5210,982,21224,577,243,42.1,269,46.6,10970,56621,29411,363,156,556,271,12416,1276,26.6,83.0,170,16.0,0,385,419,70,3,2,0,1892,632,607,9,2023-2024,1711.08398438
d07537b9,Brighton,30,38,50,36,45,56.8,52.2,41.6,5,6,90,3,864,1780,1.32,0.95,1.18,1.49,1.09,1.37,62,1.63,165,105,66.1,6,15.8,6,6,0,0,0.0,6,1,8,2,51.1,0.28,102,274,37.2,1278,186,20.3,24.4,254,5.9,12.0,405,24,5.9,72,1.89,15.8,555,198,35.7,14.61,5.21,0.08,0.23,16.7,11,0.1,-6.8,-7.2,21810,87.1,341060,11574,12473,92.8,8261,9125,90.5,1296,2164,59.9,43.7,-5.6,1780,113686,429,1484,384,81,23334,1611,511,62,76,671,84,327,541,206,86,73,5,1010,26.58,749,54,71,38,11,89,2.34,59,5,9,9,6,1,644,366,292,252,100,307,658,46.7,437,140,288,932,603,21,59.8,29112,3197,9449,13090,6766,1081,29106,715,297,41.5,322,45.0,19020,92960,48884,584,269,579,342,21577,1767,25.9,80.0,176,23.0,0,414,454,84,6,6,2,1751,406,345,9,2023-2024,1713.16320801
943e8050,Burnley,31,38,40,30,37,40.6,38.3,29.7,3,3,77,7,727,1181,1.05,0.79,0.97,1.07,0.78,1.01,78,2.05,244,168,70.5,2,5.3,7,6,1,0,14.3,6,0,11,3,75.8,0.29,215,825,26.1,1826,216,35.6,34.3,284,61.6,44.7,562,50,8.9,74,1.95,17.2,430,137,31.9,11.32,3.61,0.09,0.27,17.7,13,0.09,-0.6,-1.3,13937,77.6,246047,6311,7267,86.8,6017,7042,85.4,1324,2755,48.1,26.6,0.3,1181,83556,326,976,216,54,16189,1694,445,49,77,550,76,344,670,180,67,58,9,757,19.92,549,49,45,31,9,74,1.95,55,6,8,2,3,0,607,342,282,247,78,284,584,48.6,477,169,280,887,837,22,47.4,22181,2907,8021,9196,5155,819,22178,699,300,42.9,329,47.1,12244,66914,35421,460,240,517,296,13779,1162,24.5,82.0,162,19.0,3,429,353,76,3,7,3,1727,561,696,9,2023-2024,1611.26379395
cff3d9bb,Chelsea,32,38,76,51,65,74.5,65.1,51.4,11,12,109,4,873,1615,2.0,1.34,1.71,1.96,1.35,1.71,63,1.66,186,125,67.7,8,21.1,5,3,1,1,25.0,3,0,8,3,52.5,0.27,128,361,35.5,1129,184,22.5,28.1,282,37.9,32.6,514,39,7.6,47,1.24,15.8,537,194,36.1,14.13,5.11,0.12,0.34,17.3,22,0.12,1.5,-0.1,20039,85.8,328448,10006,10877,92.0,8176,9060,90.2,1365,2328,58.6,43.1,-0.4,1615,109853,419,1351,352,51,21587,1692,496,116,101,558,85,348,611,202,78,55,4,980,25.79,720,76,46,50,26,133,3.5,89,7,11,10,12,4,663,376,325,235,103,323,630,51.3,448,166,298,961,785,24,58.6,27725,3035,9367,12068,6558,1039,27713,869,398,45.8,365,42.0,16624,84615,44082,543,291,604,370,19899,1600,24.2,84.0,148,17.0,2,446,451,85,11,5,3,1846,440,402,9,2023-2024,1810.11962891
47c64c55,Crystal Palace,26,38,56,43,52,48.6,45.4,38.7,4,4,73,2,506,1176,1.47,1.13,1.37,1.28,1.02,1.2,58,1.53,154,98,64.3,10,26.3,3,3,0,0,0.0,3,0,7,2,47.5,0.29,176,605,29.1,826,115,51.8,41.2,255,69.4,49.2,586,30,5.1,29,0.76,11.2,452,162,35.8,11.89,4.26,0.12,0.32,17.2,20,0.1,7.4,6.6,12915,77.1,225542,6040,6920,87.3,5338,6287,84.9,1204,2608,46.2,31.5,4.3,1176,84922,353,995,273,60,14948,1734,484,52,97,583,72,366,721,178,81,57,6,794,20.89,554,48,50,45,23,103,2.71,85,4,6,2,6,0,788,464,373,301,114,337,609,55.3,456,122,323,1111,927,6,42.3,21367,2349,7237,9279,5077,797,21363,737,341,46.3,320,43.4,10943,55546,26838,383,170,606,426,12811,1161,26.7,85.0,126,16.0,2,457,427,72,4,3,2,1909,553,555,9,2023-2024,1759.70800781
d3fd31cc,Everton,26,38,40,17,38,54.0,51.6,38.1,2,3,82,1,495,1129,1.05,0.45,1.0,1.42,1.0,1.36,51,1.34,165,117,73.9,13,34.2,8,8,0,0,0.0,8,0,9,3,52.4,0.28,360,901,40.0,1296,141,56.7,41.6,274,60.6,48.2,570,30,5.3,54,1.42,15.9,504,152,30.2,13.26,4.0,0.08,0.25,16.7,14,0.11,-14.0,-13.6,11349,73.2,208537,5198,6091,85.3,4386,5405,81.1,1469,3057,48.1,31.8,-21.1,1129,88374,339,958,284,77,13704,1721,409,45,78,752,89,347,768,181,140,26,3,854,22.47,592,31,76,41,32,60,1.58,33,5,0,13,5,4,743,442,371,261,111,347,701,49.5,479,177,358,1101,882,12,40.8,20053,2568,6792,8180,5283,809,20050,564,250,44.3,267,47.3,9770,52160,25904,389,127,560,320,11254,1119,27.1,85.0,121,19.0,1,457,361,89,2,8,3,1970,676,577,9,2023-2024,1706.85083008
fd962109,Fulham,25,38,54,40,52,50.8,49.2,37.6,2,2,84,4,670,1467,1.42,1.05,1.37,1.34,0.99,1.3,61,1.61,190,133,72.1,10,26.3,8,8,0,0,0.0,8,2,3,4,55.7,0.26,144,439,32.8,1272,167,25.5,28.5,301,38.2,33.0,472,19,4.0,40,1.05,14.2,499,175,35.1,13.13,4.61,0.1,0.3,17.0,14,0.1,3.2,2.8,16311,80.6,290238,7028,7907,88.9,7277,8347,87.2,1586,2853,55.6,33.6,2.4,1467,100538,379,1117,355,94,18414,1772,464,58,118,736,51,421,696,212,70,98,1,877,23.08,652,40,67,24,15,95,2.5,73,6,4,8,3,1,679,384,339,260,80,346,678,51.0,437,117,371,1050,744,14,50.6,24318,2792,8619,10359,5568,849,24316,550,271,49.3,232,42.2,13883,72675,36777,508,151,520,325,16183,1452,28.4,82.0,170,18.0,3,384,364,51,2,8,4,1837,487,509,9,2023-2024,1716.27636719
822bd0ba,Liverpool,30,38,80,60,74,87.8,80.4,63.7,6,9,69,5,924,2110,2.11,1.58,1.95,2.31,1.68,2.12,41,1.08,147,108,72.8,10,26.3,1,1,0,0,0.0,1,0,7,2,40.0,0.27,92,285,32.3,1348,192,17.0,24.7,228,24.6,27.5,376,18,4.8,46,1.21,17.7,781,263,33.7,20.55,6.92,0.09,0.28,17.2,18,0.11,-7.8,-6.4,20376,83.6,346550,9656,10641,90.7,8627,9763,88.4,1637,2814,58.2,55.6,-3.7,2110,118702,598,1666,506,80,22490,1789,440,102,145,817,100,371,755,287,86,171,2,1388,36.53,1045,66,101,43,17,131,3.45,96,8,9,10,7,1,677,418,274,290,113,341,768,44.4,475,108,292,969,583,19,61.3,28764,2193,7390,13756,7869,1422,28755,737,331,44.9,331,44.9,17894,92424,48244,694,295,574,407,20230,2091,26.3,82.0,166,20.0,2,463,376,100,8,1,2,2034,583,441,9,2023-2024,1900.68835449
e297cd13,Luton Town,28,38,49,33,44,42.4,38.6,29.5,5,5,71,0,675,1113,1.29,0.87,1.16,1.12,0.78,1.02,85,2.24,223,142,63.7,2,5.3,4,4,0,0,0.0,4,0,13,4,77.7,0.34,274,814,33.7,1122,151,52.4,50.8,349,64.8,46.8,561,16,2.9,77,2.03,19.0,427,134,31.4,11.24,3.53,0.1,0.33,16.3,11,0.09,6.6,5.4,11048,73.2,201475,4969,5784,85.9,4443,5431,81.8,1289,2879,44.8,27.5,3.5,1113,81352,315,835,250,90,13156,1876,498,22,111,841,67,413,703,203,93,101,5,749,19.71,504,59,55,46,12,81,2.13,46,7,6,16,6,0,654,368,330,236,88,299,616,48.5,493,183,325,979,916,21,42.4,19655,2630,7028,7905,4964,780,19650,771,354,45.9,331,42.9,10069,59965,29815,480,169,580,385,10911,1094,26.7,82.0,158,20.0,0,443,448,67,2,4,4,1868,635,631,9,2023-2024,1563.97265625
b8fd03ef,Manchester City,25,38,94,69,85,80.5,72.9,60.2,9,10,53,2,1127,2060,2.47,1.82,2.24,2.12,1.58,1.92,34,0.89,109,76,71.6,13,34.2,3,3,0,0,0.0,3,0,3,1,36.2,0.31,142,314,45.2,1342,161,19.7,27.2,158,31.0,31.9,312,31,9.9,63,1.66,17.3,683,264,38.7,17.97,6.95,0.12,0.32,17.1,25,0.11,13.5,12.1,24616,88.7,394064,12895,13721,94.0,9449,10306,91.7,1652,2498,66.1,62.1,8.8,2060,112270,545,1890,484,65,26136,1580,460,85,133,700,42,383,604,286,114,66,7,1259,33.13,991,65,67,54,17,169,4.45,125,5,14,10,13,2,517,305,183,221,113,222,458,48.5,353,75,233,750,457,17,65.2,31414,2162,7012,14348,10260,1466,31404,731,377,51.6,282,38.6,20210,105397,58071,867,415,441,356,24343,2032,26.6,85.0,115,19.0,1,289,410,42,8,3,1,1734,325,288,9,2023-2024,2050.57299805
19538871,Manchester Utd,31,38,57,36,51,56.5,51.0,40.1,6,7,83,1,758,1479,1.5,0.95,1.34,1.49,1.06,1.34,58,1.53,203,146,74.9,9,23.7,7,7,0,0,0.0,7,1,11,1,59.7,0.27,149,513,29.0,1184,140,35.4,31.2,329,28.6,26.0,601,42,7.0,37,0.97,12.9,543,182,33.5,14.29,4.79,0.09,0.28,17.4,15,0.1,0.5,0.0,15785,80.8,260507,7892,8866,89.0,5965,6943,85.9,1355,2517,53.8,34.6,-4.1,1479,91226,434,1202,338,50,17784,1663,371,73,99,594,91,372,643,224,70,86,10,989,26.03,743,55,52,38,22,98,2.58,68,4,8,7,6,5,676,409,334,240,102,349,715,48.8,534,207,313,989,884,12,50.6,23998,2938,8197,9856,6146,1025,23991,697,311,44.6,303,43.5,13979,75358,39599,523,274,484,342,15597,1468,26.1,84.0,153,17.0,1,401,340,91,6,7,1,1851,436,450,9,2023-2024,1779.04394531
b2b47a98,Newcastle Utd,32,38,83,55,75,76.0,69.0,51.3,8,9,79,1,737,1557,2.18,1.45,1.97,2.0,1.35,1.82,62,1.63,195,133,70.3,10,26.3,5,4,1,0,20.0,4,1,8,1,61.1,0.29,100,301,33.2,803,236,18.8,36.3,281,53.4,40.5,449,30,6.7,53,1.39,19.5,542,196,36.2,14.26,5.16,0.14,0.38,15.7,9,0.13,7.0,6.0,16117,81.2,274265,7681,8623,89.1,6722,7757,86.7,1358,2504,54.2,43.5,3.7,1557,96401,424,1107,380,76,18026,1767,515,85,133,648,59,364,679,192,75,60,9,983,25.87,713,72,67,46,16,144,3.79,90,7,18,13,13,3,661,391,316,254,91,302,681,44.3,497,151,285,946,682,16,52.2,24004,2447,8084,10144,6004,1094,23996,730,355,48.6,288,39.5,13650,73461,36585,507,243,506,400,15994,1545,27.2,83.0,149,19.0,1,386,469,59,9,5,1,1836,453,418,9,2023-2024,1801.79711914
e4a775cb,Nott'ham Forest,33,38,49,43,48,49.9,49.1,37.9,1,1,82,3,601,1141,1.29,1.13,1.26,1.31,1.0,1.29,67,1.76,163,98,61.3,4,10.5,4,4,0,0,0.0,4,1,15,2,47.0,0.27,229,519,44.1,818,171,42.5,35.7,304,56.3,41.4,610,44,7.2,24,0.63,13.3,450,143,31.8,11.84,3.76,0.11,0.34,17.2,7,0.11,-0.9,-1.1,11877,75.8,210025,5510,6417,85.9,4760,5855,81.3,1265,2493,50.7,27.8,5.1,1141,83097,325,905,244,61,13975,1627,409,53,83,595,77,315,661,148,80,55,0,783,20.61,566,49,56,32,13,90,2.37,70,5,7,3,3,2,728,430,437,219,72,326,609,53.5,489,168,331,1059,968,13,40.6,20126,2493,7339,8320,4686,785,20125,604,275,45.5,268,44.4,10217,54749,29182,394,155,527,286,11784,1123,25.7,83.0,158,18.0,2,428,371,77,1,4,2,1807,584,557,9,2023-2024,1647.71496582
1df6b87e,Sheffield Utd,35,38,31,18,26,38.3,34.5,25.8,5,5,101,5,346,884,0.82,0.47,0.68,1.01,0.68,0.91,104,2.74,263,166,62.4,1,2.6,7,5,0,2,0.0,5,0,12,7,85.1,0.31,270,817,33.0,989,126,55.2,41.2,352,77.0,53.9,661,39,5.9,56,1.47,14.4,360,117,32.5,9.47,3.08,0.07,0.22,17.4,8,0.1,-7.3,-8.5,9531,70.6,169894,4492,5357,83.9,3739,4696,79.6,1042,2626,39.7,21.0,-7.8,884,71337,257,701,198,48,11764,1681,380,26,52,428,64,322,666,141,70,47,6,601,15.82,425,39,45,22,11,48,1.26,32,2,4,6,3,1,709,405,375,248,86,299,635,47.1,514,180,348,1057,1042,18,35.8,17951,2817,7156,7145,3830,646,17946,581,251,43.2,286,49.2,8332,43412,20412,287,128,489,322,9458,875,25.7,81.0,152,23.0,3,423,318,64,3,7,7,1637,586,694,9,2023-2024,1517.16918945
361ca564,Tottenham,29,38,69,58,67,68.2,66.7,57.4,2,2,92,4,957,2107,1.82,1.53,1.76,1.79,1.51,1.75,61,1.61,167,109,67.7,7,18.4,7,7,0,0,0.0,7,1,8,3,60.0,0.32,53,225,23.6,1308,193,14.9,24.0,256,11.7,19.4,511,33,6.5,81,2.13,17.1,582,207,35.6,15.32,5.45,0.12,0.32,16.5,11,0.12,0.8,0.3,20649,85.3,326221,10630,11617,91.5,8361,9345,89.5,1089,1905,57.2,52.1,0.6,2107,111380,460,1588,454,65,22167,1947,636,91,59,710,83,480,723,234,93,70,1,1053,27.71,818,60,61,31,23,122,3.21,96,7,7,5,3,4,724,451,335,264,125,360,691,52.1,445,132,355,1079,707,24,61.6,28529,2791,8520,12260,8010,1316,28527,812,359,44.2,363,44.7,18087,92824,46598,634,349,559,375,20484,2097,25.2,82.0,170,19.0,2,425,510,83,2,7,3,1907,359,388,9,2023-2024,1790.55664062
7c21e445,West Ham,26,38,58,40,54,52.3,48.4,34.8,4,5,82,3,556,1207,1.53,1.05,1.42,1.38,0.92,1.27,74,1.95,241,169,72.6,5,13.2,10,8,2,0,20.0,8,0,6,4,72.0,0.26,210,553,38.0,793,188,46.8,39.0,307,59.3,43.4,582,35,6.0,8,0.21,7.6,445,146,32.8,11.71,3.84,0.12,0.37,16.2,17,0.11,5.7,5.6,12568,76.8,219336,6043,6856,88.1,4817,5751,83.8,1330,2718,48.9,30.8,5.2,1207,85575,305,979,225,71,14568,1734,429,60,158,661,71,411,721,165,93,61,0,782,20.58,518,58,43,47,25,104,2.74,70,11,8,8,4,3,684,426,350,254,80,307,607,50.6,487,180,361,1045,906,9,41.1,20875,2605,7301,9100,4692,750,20869,745,353,47.4,321,43.1,11184,60658,28802,369,168,515,397,12459,1192,28.3,85.0,109,17.0,3,390,392,71,4,10,4,1817,576,570,9,2023-2024,1726.24291992
8cec06e1,Wolves,27,38,47,36,43,46.7,43.6,31.8,4,4,102,4,671,1180,1.24,0.95,1.13,1.23,0.84,1.15,65,1.71,203,139,71.9,5,13.2,8,8,0,0,0.0,8,1,7,1,71.7,0.32,100,480,20.8,933,199,34.3,33.8,305,52.5,40.0,572,45,7.9,31,0.82,13.3,425,153,36.0,11.18,4.03,0.1,0.28,16.7,12,0.11,0.3,-0.6,15484,80.8,255933,7694,8577,89.7,6100,7016,86.9,1218,2527,48.2,27.6,4.2,1180,84649,316,910,239,61,17409,1688,439,49,125,578,78,333,684,156,75,41,15,743,19.55,519,53,47,42,15,81,2.13,52,7,7,6,7,2,739,430,415,247,77,312,607,51.4,506,173,284,1023,828,16,48.9,23487,2823,8674,10264,4804,739,23483,823,415,50.4,324,39.4,13055,71341,36731,519,168,536,389,15352,1163,26.6,83.0,146,20.0,2,476,405,78,4,8,1,1885,441,491,9,2023-2024,1677.86230469
18bb7c10,Arsenal,26,38,84,64,81,71.6,68.9,53.5,3,4,51,0,824,2049,2.21,1.68,2.13,1.88,1.41,1.81,43,1.13,136,94,70.6,14,36.8,5,3,0,2,0.0,3,0,6,1,40.0,0.28,109,429,25.4,924,174,36.6,33.3,185,49.2,42.8,381,22,5.8,43,1.13,16.1,589,194,32.9,15.5,5.11,0.14,0.42,16.0,16,0.12,12.4,12.1,18281,83.2,310206,8542,9478,90.1,7825,8821,88.7,1454,2548,57.1,46.8,10.5,2049,100635,443,1637,459,62,20293,1620,516,86,97,674,56,379,615,223,154,8,3,1045,27.5,775,58,73,43,18,150,3.95,121,6,5,13,3,2,568,343,238,212,118,249,510,48.8,362,86,237,805,599,23,59.3,25910,1994,6632,11453,8015,1296,25906,758,358,47.2,290,38.3,15923,83916,44184,584,281,526,378,18101,2024,24.7,85.0,150,15.0,0,373,435,56,3,5,1,1984,486,559,9,2022-2023,1915.83129883
8602292d,Aston Villa,26,38,49,35,46,50.3,47.2,38.8,3,4,80,1,637,1242,1.29,0.92,1.21,1.32,1.02,1.24,46,1.21,151,108,72.8,12,31.6,6,5,1,0,16.7,5,1,9,4,42.8,0.25,214,585,36.6,1247,153,37.0,37.6,265,46.8,38.3,528,65,12.3,76,2.0,14.2,427,145,34.0,11.24,3.82,0.11,0.32,18.0,18,0.11,-1.3,-1.2,13782,79.2,244073,6111,6947,88.0,5979,6934,86.2,1345,2579,52.2,31.6,-3.8,1242,87581,318,964,268,80,15544,1794,599,54,101,561,58,325,684,162,97,19,4,751,19.76,565,48,38,40,10,84,2.21,55,2,6,12,6,3,632,338,305,251,76,312,648,48.1,438,118,324,956,714,14,49.3,21500,2783,7912,9077,4705,746,21495,682,293,43.0,279,40.9,12295,65580,33150,434,174,565,371,13587,1227,27.0,83.0,144,20.0,0,417,498,58,4,6,4,1847,442,465,9,2022-2023,1824.45812988
4ba7cbea,Bournemouth,31,38,37,24,37,38.5,38.5,28.4,0,0,68,0,504,1006,0.97,0.63,0.97,1.01,0.75,1.01,71,1.87,204,136,68.1,8,21.1,7,6,0,1,0.0,6,0,16,3,63.6,0.29,231,591,39.1,847,190,44.0,31.9,353,61.8,44.1,739,40,5.4,30,0.79,10.5,358,126,35.2,9.42,3.32,0.1,0.29,15.5,14,0.11,-1.5,-1.5,11715,76.2,206704,5412,6278,86.2,4751,5644,84.2,1192,2491,47.9,26.3,-4.4,1006,82672,261,850,237,75,13607,1736,424,48,87,509,38,342,706,144,88,25,9,616,16.21,444,53,43,24,7,64,1.68,44,5,4,8,2,1,618,371,316,249,53,256,614,41.7,499,170,353,971,1027,11,40.4,19950,2934,8004,7933,4256,699,19950,743,329,44.3,344,46.3,10340,55360,27431,389,144,589,367,11617,986,26.3,84.0,141,19.0,0,391,365,38,0,7,3,1942,521,539,9,2022-2023,1657.10681152
cd051869,Brentford,25,38,56,36,49,56.3,50.1,38.4,7,8,57,1,392,1131,1.47,0.95,1.29,1.48,1.01,1.32,46,1.21,197,154,77.7,12,31.6,2,2,0,0,0.0,2,1,9,3,48.1,0.24,347,882,39.3,1361,160,50.9,39.5,275,68.7,51.0,598,53,8.9,54,1.42,15.7,400,147,36.8,10.53,3.87,0.12,0.33,15.7,14,0.13,-0.3,-1.1,11317,72.8,209962,5142,6116,84.1,4475,5602,79.9,1438,2947,48.8,30.5,-2.4,1131,87002,284,922,279,87,13766,1713,453,53,107,661,72,303,738,163,83,34,12,702,18.47,475,32,45,44,7,98,2.58,65,8,4,8,11,2,588,338,271,228,89,253,597,42.4,456,168,341,929,822,14,43.8,19749,2632,7290,7803,4835,827,19741,600,267,44.5,248,41.3,10409,49018,23993,300,102,520,336,11203,1121,26.2,82.0,171,19.0,1,354,399,72,7,2,3,1959,664,617,9,2022-2023,1820.79504395
d07537b9,Brighton,29,38,68,46,62,73.3,68.9,52.2,6,6,58,0,809,1849,1.79,1.21,1.63,1.93,1.37,1.81,53,1.39,131,82,64.1,12,31.6,8,6,2,0,25.0,6,0,6,6,42.7,0.27,94,279,33.7,1067,151,21.4,28.9,247,20.6,23.2,355,27,7.6,32,0.84,12.3,607,219,36.1,15.97,5.76,0.1,0.28,16.8,12,0.12,-5.3,-6.9,19210,83.9,319736,9346,10305,90.7,7892,8919,88.5,1463,2462,59.4,44.7,-6.2,1849,106474,480,1459,391,78,21109,1709,445,81,130,694,70,383,693,233,102,88,2,1075,28.29,819,81,63,27,12,115,3.03,83,3,13,9,6,1,616,340,270,242,104,266,561,47.4,392,104,303,919,432,15,60.2,26728,2471,7844,12213,6873,1102,26722,726,345,47.5,279,38.4,16331,83718,43965,547,250,558,324,18991,1828,26.3,83.0,143,19.0,0,427,407,70,4,8,6,2013,444,387,9,2022-2023,1824.6472168
cff3d9bb,Chelsea,32,38,37,27,34,49.5,47.2,38.6,3,3,81,3,829,1737,0.97,0.71,0.89,1.3,1.02,1.24,47,1.24,159,115,71.1,10,26.3,1,1,0,0,0.0,1,1,8,3,47.0,0.3,95,290,32.8,1087,198,18.2,27.6,248,37.1,31.9,460,24,5.2,63,1.66,13.7,481,151,31.4,12.66,3.97,0.07,0.23,16.8,10,0.1,-12.5,-13.2,19147,83.8,316440,9510,10494,90.6,7700,8709,88.4,1461,2499,58.5,35.3,-11.6,1737,104718,376,1426,370,68,20995,1767,503,58,129,693,74,371,722,209,108,70,2,859,22.61,667,42,42,31,11,68,1.79,57,3,2,2,4,0,740,445,363,267,110,333,656,50.8,466,108,341,1081,661,21,58.7,27166,2564,8461,12057,6850,958,27163,838,380,45.3,352,42.0,16538,83509,43596,622,216,568,381,19065,1729,26.3,81.0,173,22.0,2,397,462,74,3,1,3,2024,493,453,9,2022-2023,1784.56774902
47c64c55,Crystal Palace,26,38,38,29,37,39.3,36.8,29.0,1,3,82,3,556,1243,1.0,0.76,0.97,1.03,0.76,0.97,49,1.29,160,114,71.9,9,23.7,4,4,0,0,0.0,4,0,8,3,44.7,0.26,153,446,34.3,930,189,33.7,32.3,273,48.7,37.6,539,29,5.4,40,1.05,13.1,423,133,31.4,11.13,3.5,0.09,0.28,17.6,23,0.09,-1.3,0.2,13395,77.4,238779,6005,6901,87.0,5794,6772,85.6,1309,2751,47.6,23.8,0.0,1243,88389,316,1013,239,51,15416,1834,525,41,118,591,58,350,763,186,84,60,5,746,19.63,497,56,49,59,18,67,1.76,43,6,6,6,4,2,690,421,354,246,90,281,532,52.8,463,119,359,1049,807,7,46.3,21713,2580,7668,9275,4991,766,21710,784,367,46.8,314,40.1,11687,60301,30015,393,206,643,457,13304,1238,26.7,84.0,138,17.0,2,446,479,58,2,4,3,2093,496,578,9,2022-2023,1753.85693359
d3fd31cc,Everton,28,38,32,24,29,45.2,42.8,32.4,3,3,81,2,500,1052,0.84,0.63,0.76,1.19,0.85,1.13,57,1.5,185,127,71.9,9,23.7,6,5,1,0,16.7,5,2,4,0,60.4,0.3,274,814,33.7,1012,156,57.7,34.9,325,70.8,52.4,589,23,3.9,52,1.37,5.0,426,143,33.6,11.21,3.76,0.07,0.2,16.8,12,0.1,-13.2,-13.8,11790,74.7,214056,5336,6174,86.4,4771,5750,83.0,1366,2947,46.4,26.9,-8.4,1052,82478,308,964,224,67,13984,1735,434,39,93,704,64,311,707,174,138,28,0,735,19.34,493,39,54,45,20,59,1.55,41,5,5,2,4,2,708,424,362,257,89,309,619,49.9,510,180,390,1098,874,17,42.8,20233,2527,7219,8418,4830,742,20229,674,310,46.0,296,43.9,10479,56737,27858,391,137,605,300,11708,1042,26.6,84.0,116,20.0,1,396,382,64,3,6,0,2049,582,613,9,2022-2023,1704.70288086
fd962109,Fulham,29,38,52,33,47,46.2,39.1,28.5,5,9,80,1,663,1326,1.37,0.87,1.24,1.22,0.75,1.03,53,1.39,196,144,76.5,9,23.7,8,7,1,0,12.5,7,1,8,2,60.1,0.28,140,438,32.0,1176,193,28.4,46.0,280,37.1,35.0,490,36,7.3,48,1.26,14.0,420,137,32.6,11.05,3.61,0.11,0.34,17.3,17,0.1,5.8,7.9,13974,77.6,255629,5867,6818,86.1,6222,7333,84.8,1551,2860,54.2,23.7,4.5,1326,89303,306,1044,284,97,16136,1818,471,20,157,769,60,393,795,182,70,69,2,751,19.76,528,29,54,47,15,90,2.37,56,9,5,11,7,2,625,350,295,229,101,299,588,50.9,455,125,340,965,749,15,48.8,22162,2563,7462,9525,5416,758,22153,607,281,46.3,238,39.2,12252,68216,35374,474,124,535,379,13848,1316,28.2,84.0,152,15.0,0,411,405,60,8,8,2,1979,511,550,9,2022-2023,1733.10021973
5bfb9659,Leeds United,29,38,45,31,44,47.3,44.9,31.8,1,3,89,3,555,1429,1.18,0.82,1.16,1.24,0.84,1.18,78,2.05,185,108,60.5,5,13.2,6,5,0,1,0.0,5,1,7,1,64.1,0.32,124,520,23.8,883,214,40.8,41.1,275,58.2,44.1,475,36,7.6,69,1.82,11.6,459,141,30.7,12.08,3.71,0.1,0.31,16.6,19,0.1,-2.3,-0.9,12437,73.5,206567,6115,7225,84.6,4782,5973,80.1,1072,2528,42.4,27.3,-0.8,1429,84295,337,1086,270,70,14953,1911,484,41,87,653,60,414,837,199,93,68,4,783,20.61,535,32,54,48,15,69,1.82,43,7,4,9,3,3,840,480,376,343,121,412,870,47.4,536,131,392,1232,734,18,47.0,21642,2125,6971,9290,5587,796,21639,689,269,39.0,328,47.6,11343,55029,27060,379,146,602,421,12330,1418,25.3,82.0,157,21.0,2,467,405,60,2,6,1,2206,586,607,9,2022-2023,1655.52966309
a2d435b3,Leicester City,28,38,49,36,46,50.5,45.7,38.4,3,6,63,2,580,1304,1.29,0.95,1.21,1.33,1.01,1.2,68,1.79,178,113,64.0,7,18.4,5,4,1,0,20.0,4,4,8,5,55.4,0.29,132,497,26.6,1004,203,34.5,37.2,311,48.6,38.6,558,36,6.5,48,1.26,10.3,412,142,34.5,10.84,3.74,0.11,0.32,17.7,14,0.11,-1.5,0.3,14887,78.9,249219,7245,8221,88.1,6087,7165,85.0,1165,2422,48.1,26.3,-2.4,1304,89055,319,1142,220,52,17049,1739,464,76,93,496,83,393,724,135,70,41,6,744,19.58,540,50,50,38,14,87,2.29,59,2,8,8,7,3,699,412,345,291,63,308,677,45.5,517,170,367,1066,777,12,47.7,23124,2681,8409,10293,4641,688,23118,623,294,47.2,245,39.3,12503,63356,31619,363,175,548,313,14797,1294,26.1,82.0,138,23.0,2,410,397,83,5,5,5,2013,512,558,9,2022-2023,1721.58215332
822bd0ba,Liverpool,28,38,71,58,69,71.5,68.4,55.6,2,4,57,1,719,1992,1.87,1.53,1.82,1.88,1.46,1.8,47,1.24,157,111,71.3,14,36.8,4,2,1,1,33.3,2,0,0,2,54.1,0.33,118,285,41.4,1258,217,18.4,24.3,215,24.7,29.9,400,23,5.8,89,2.34,9.0,601,203,33.8,15.82,5.34,0.11,0.34,16.2,7,0.12,-0.5,0.6,20043,82.3,352929,9023,10114,89.2,8561,9758,87.7,1962,3283,59.8,52.3,2.4,1992,120466,458,1615,452,85,22466,1811,416,103,198,799,84,383,860,235,56,155,1,1046,27.53,778,56,75,33,19,129,3.39,97,9,7,8,7,1,590,370,228,250,112,281,651,43.2,350,74,333,923,568,20,60.8,28398,2310,8119,13329,7149,1252,28394,693,323,46.6,281,40.5,17148,82470,41527,569,234,584,413,19921,1974,27.4,82.0,164,20.0,0,405,321,84,3,4,2,2211,482,455,9,2022-2023,1943.36999512
b8fd03ef,Manchester City,24,38,92,69,83,78.6,71.1,57.5,9,10,44,1,988,2073,2.42,1.82,2.18,2.07,1.51,1.87,33,0.87,92,60,67.4,13,34.2,3,3,0,0,0.0,3,1,4,1,30.3,0.3,128,287,44.6,1242,163,18.9,28.0,181,28.7,30.4,312,20,6.4,40,1.05,15.7,590,205,34.7,15.53,5.39,0.14,0.4,16.6,20,0.12,13.4,11.9,23263,87.3,396454,11020,11888,92.7,9848,10836,90.9,1932,2849,67.8,57.6,11.5,2073,114920,464,1770,445,75,25047,1544,440,94,177,742,51,350,614,238,72,87,11,1099,28.92,826,53,76,49,14,168,4.42,130,7,8,9,12,2,471,272,185,198,88,212,462,45.9,339,95,223,694,402,9,64.7,29895,2170,7410,14372,8301,1277,29885,704,336,47.7,239,33.9,19122,104099,56216,754,279,406,298,22992,2054,27.2,84.0,123,19.0,0,347,384,51,9,3,1,1866,438,364,9,2022-2023,2069.99633789
19538871,Manchester Utd,26,38,56,42,53,67.7,65.3,52.2,3,3,78,2,711,1595,1.47,1.11,1.39,1.78,1.37,1.72,43,1.13,142,99,71.1,17,44.7,3,2,1,0,33.3,2,2,6,1,41.3,0.27,141,449,31.4,909,128,37.0,32.3,302,37.4,31.7,526,15,2.9,32,0.84,14.8,590,206,34.9,15.53,5.42,0.09,0.26,17.8,20,0.11,-11.7,-12.3,16603,80.9,276625,8273,9294,89.0,6359,7306,87.0,1438,2651,54.2,44.6,-10.2,1595,97026,478,1268,398,57,18827,1619,325,105,165,517,79,420,715,196,71,47,4,1051,27.66,840,46,63,35,9,99,2.61,79,3,8,5,4,0,657,400,343,231,83,300,600,50.0,496,146,352,1009,771,11,53.7,24847,2639,8093,10389,6569,1036,24844,730,317,43.4,338,46.3,14245,70351,37126,515,239,497,293,16447,1578,26.9,83.0,149,19.0,0,424,297,79,2,3,1,2190,465,434,9,2022-2023,1870.12451172
b2b47a98,Newcastle Utd,27,38,64,42,58,71.9,67.3,51.8,6,6,61,1,695,1618,1.68,1.11,1.53,1.89,1.36,1.77,33,0.87,127,94,75.6,14,36.8,5,2,2,1,50.0,2,0,8,2,33.2,0.24,126,378,33.3,714,246,32.2,20.7,230,64.3,48.5,441,35,7.9,74,1.95,12.4,565,184,32.6,14.87,4.84,0.1,0.32,15.6,15,0.12,-7.9,-9.3,13925,78.1,246297,6433,7370,87.3,5580,6605,84.5,1523,2774,54.9,45.0,-9.8,1618,90893,435,1083,403,64,16020,1746,447,88,142,740,71,370,728,270,106,90,15,1008,26.53,690,62,77,57,12,106,2.79,64,6,15,10,6,5,607,360,268,254,85,307,642,47.8,448,116,333,940,680,10,52.3,22106,2088,6757,9053,6516,1161,22100,784,350,44.6,322,41.1,12023,64186,32987,493,228,576,363,13803,1599,27.3,84.0,155,16.0,0,406,399,71,2,5,2,2065,552,426,9,2022-2023,1872.46765137
e4a775cb,Nott'ham Forest,33,38,36,22,33,39.3,34.6,26.3,3,6,84,0,436,859,0.95,0.58,0.87,1.03,0.69,0.91,68,1.79,182,112,65.9,8,21.1,9,6,2,1,25.0,6,2,9,0,60.1,0.3,237,712,33.3,957,185,51.0,43.2,338,66.3,47.5,621,35,5.6,38,1.0,17.0,362,111,30.7,9.53,2.92,0.09,0.3,17.2,9,0.1,-3.3,-1.6,9543,70.1,177315,4046,4952,81.7,4071,5126,79.4,1187,2708,43.8,20.5,-4.3,859,72656,246,660,172,50,11801,1738,446,31,66,530,67,313,720,128,65,53,1,593,15.61,416,31,38,36,13,54,1.42,31,5,4,11,3,0,659,387,380,201,78,296,589,50.3,500,156,349,1008,944,7,37.6,17911,2715,7420,6953,3755,611,17905,572,258,45.1,234,40.9,8674,46411,24020,308,111,537,275,9452,847,26.5,82.0,159,21.0,0,445,390,67,3,9,0,1902,560,600,9,2022-2023,1670.43518066
33c895d4,Southampton,36,38,36,25,34,37.8,34.6,28.1,2,4,73,0,588,1125,0.95,0.66,0.89,0.99,0.74,0.91,73,1.92,150,81,52.7,4,10.5,3,2,1,0,33.3,2,1,8,5,46.0,0.29,234,742,31.5,1115,173,50.5,36.5,303,59.1,44.9,548,42,7.7,55,1.45,13.5,413,132,32.0,10.87,3.47,0.08,0.26,18.1,17,0.09,-1.8,-0.6,12319,75.2,211636,5972,6925,86.2,4830,5823,82.9,1170,2625,44.6,26.0,-3.1,1125,79814,302,938,239,71,14585,1749,426,38,87,613,57,375,752,157,63,65,2,718,18.89,493,46,51,38,13,61,1.61,35,5,7,5,6,3,714,426,378,279,57,297,612,48.5,542,165,427,1141,852,11,44.5,21094,2639,7453,8997,4879,712,21090,760,362,47.6,318,41.8,11323,61002,29821,452,131,567,401,12216,1112,24.7,81.0,175,22.0,0,430,378,57,3,3,5,2130,551,611,9,2022-2023,1623.68164062
361ca564,Tottenham,29,38,68,46,63,57.0,52.3,43.0,5,6,77,3,692,1449,1.79,1.21,1.66,1.5,1.13,1.38,63,1.66,172,109,65.1,10,26.3,4,3,1,0,25.0,3,1,7,1,55.1,0.3,113,342,33.0,804,180,31.0,30.2,283,32.9,29.5,515,25,4.9,45,1.18,15.2,512,186,36.3,13.47,4.89,0.12,0.34,16.7,14,0.1,11.0,10.7,15972,81.2,277567,7333,8180,89.6,6707,7682,87.3,1499,2669,56.2,34.0,3.0,1449,92695,386,1071,323,104,17950,1655,404,74,165,719,67,414,664,203,113,51,0,910,23.95,692,46,55,38,19,116,3.05,84,7,7,9,7,2,619,353,325,215,79,275,574,47.9,428,148,340,959,762,20,50.0,23836,2734,8571,10329,5135,842,23830,666,306,45.9,288,43.2,13679,71290,36842,465,189,521,356,15864,1436,27.6,85.0,140,15.0,1,424,353,67,5,4,1,1984,549,474,9,2022-2023,1812.33837891
7c21e445,West Ham,25,38,41,25,35,49.2,43.7,32.7,6,8,44,0,615,1274,1.08,0.66,0.92,1.29,0.86,1.15,55,1.45,170,115,70.0,9,23.7,6,4,1,1,20.0,4,0,4,1,53.2,0.29,212,553,38.3,715,167,54.7,33.4,302,53.6,40.8,560,31,5.5,26,0.68,10.3,466,133,28.5,12.26,3.5,0.08,0.26,17.3,13,0.1,-8.2,-8.7,12369,75.6,219013,5883,6778,86.8,4784,5831,82.0,1383,2753,50.2,26.8,-7.7,1274,84296,340,990,212,80,14625,1670,347,41,162,768,62,390,722,206,129,57,1,817,21.5,586,40,60,35,15,67,1.76,41,6,6,8,6,0,608,336,290,226,92,270,563,48.0,415,139,408,1016,810,10,42.1,20411,2362,6898,8704,4993,756,20403,615,250,40.7,266,43.3,10540,57451,28247,413,166,458,357,12256,1266,28.2,84.0,132,20.0,0,362,316,62,6,6,1,2023,620,587,9,2022-2023,1768.13452148
8cec06e1,Wolves,32,38,28,12,25,36.8,34.5,25.4,3,3,85,6,610,1343,0.74,0.32,0.66,0.97,0.67,0.91,58,1.53,174,115,67.8,11,28.9,4,2,2,0,50.0,2,0,6,1,52.2,0.28,130,464,28.0,992,196,29.8,32.9,283,59.4,45.1,577,48,8.3,29,0.76,8.0,409,119,29.1,10.76,3.13,0.06,0.21,18.0,18,0.09,-8.8,-9.5,14554,79.6,264071,6350,7195,88.3,6306,7257,86.9,1574,2890,54.5,21.0,-13.4,1343,87310,294,1110,252,71,16575,1657,430,49,149,661,62,355,663,185,61,86,2,713,18.76,520,31,47,42,11,44,1.16,32,1,3,6,1,1,660,370,363,222,75,285,616,46.3,497,175,279,939,817,19,49.9,22539,2921,8544,9264,4960,686,22536,782,385,49.2,302,38.6,12374,67241,35071,421,142,516,326,14453,1332,26.7,80.0,165,24.0,1,463,389,62,1,4,1,2052,465,542,9,2022-2023,1715.50732422
fb08dbb3,Brest,25,34,51,33,47,48.3,45.1,34.4,4,4,84,5,590,1402,1.5,0.97,1.38,1.42,1.01,1.33,34,1.0,133,98,75.9,15,44.1,3,2,1,0,33.3,2,0,4,0,36.5,0.26,244,518,47.1,978,144,39.5,35.1,198,66.7,47.7,406,18,4.4,43,1.27,15.7,481,165,34.3,14.15,4.85,0.1,0.28,17.6,12,0.1,2.7,1.9,14111,79.6,274556,5352,6275,85.3,6263,7237,86.5,2059,3359,61.3,35.8,-1.4,1402,96326,357,1155,269,105,16093,1606,490,25,166,792,34,336,696,154,79,67,0,837,24.62,590,45,59,47,23,85,2.5,55,8,3,10,7,2,679,427,295,299,85,306,715,42.8,386,100,321,1000,644,13,53.6,21735,2170,6704,10200,5105,723,21731,690,326,47.2,320,46.4,15224,89502,39734,532,105,569,265,13983,1385,27.0,83.0,155,17.0,2,414,422,34,2,3,0,1910,598,509,13,2023-2024,1704.33203125
d9676424,Clermont Foot,31,34,26,18,20,36.0,29.8,23.1,6,8,60,7,537,1247,0.76,0.53,0.59,1.06,0.68,0.88,60,1.76,212,152,75.0,5,14.7,9,7,1,1,12.5,7,0,6,1,64.9,0.28,226,613,36.9,1138,157,43.7,30.9,275,42.2,34.5,514,46,8.9,49,1.44,10.1,382,120,31.4,11.24,3.53,0.05,0.17,19.0,13,0.08,-10.0,-9.8,13390,79.8,238625,5792,6628,87.4,5654,6606,85.6,1435,2665,53.8,25.2,-5.1,1247,85204,282,989,208,57,15174,1559,458,51,78,551,51,277,581,150,73,52,2,672,19.76,490,30,44,40,9,50,1.47,37,4,0,4,5,0,581,358,279,242,60,312,633,49.3,382,130,347,928,667,19,48.9,20572,2425,6911,9932,3924,578,20564,575,252,43.8,286,49.7,14537,85738,39030,470,113,498,269,13270,1238,26.8,82.0,156,17.0,1,396,429,51,7,9,1,1695,393,414,13,2023-2024,1538.69848633
5c2737db,Le Havre,27,34,33,23,27,37.3,31.8,25.3,6,7,67,6,457,1199,0.97,0.68,0.79,1.1,0.74,0.94,45,1.32,158,114,72.8,7,20.6,4,2,1,1,33.3,2,0,5,2,49.9,0.31,158,463,34.1,709,135,45.7,33.1,251,55.4,40.9,482,32,6.6,25,0.74,14.5,381,113,29.7,11.21,3.32,0.07,0.24,18.2,11,0.09,-4.3,-4.8,11739,77.6,206687,5123,6042,84.8,5019,5901,85.1,1150,2291,50.2,24.5,-2.3,1199,77964,290,945,209,57,13517,1552,441,28,54,544,52,321,655,128,54,55,0,693,20.38,482,44,38,47,13,63,1.85,40,3,7,4,8,1,560,332,293,207,60,283,572,49.5,362,124,363,923,664,10,44.7,18820,2058,6332,8458,4240,620,18813,586,260,44.4,286,48.8,12860,70472,31489,446,114,453,284,11638,1189,26.2,82.0,163,17.0,3,433,368,52,7,4,2,1638,485,482,13,2023-2024,1542.11987305
fd4e0f7d,Lens,27,34,45,29,39,54.1,48.8,37.2,6,7,78,4,609,1624,1.32,0.85,1.15,1.59,1.09,1.44,37,1.09,138,101,77.5,14,41.2,8,6,1,1,14.3,6,0,6,1,43.3,0.28,164,379,43.3,923,148,33.3,29.0,221,32.6,29.1,396,32,8.1,39,1.15,9.8,487,167,34.3,14.32,4.91,0.08,0.23,16.7,13,0.1,-9.1,-9.8,14709,81.3,249644,6666,7617,87.5,6203,7157,86.7,1255,2217,56.6,41.6,-8.2,1624,91474,368,1312,349,95,16450,1558,453,49,63,736,75,344,638,175,68,87,0,857,25.21,648,38,53,36,14,74,2.18,54,5,3,7,4,1,554,339,213,266,75,291,569,51.1,392,112,298,852,549,16,52.9,21677,1936,5779,10394,5721,811,21670,487,226,46.4,220,45.2,15840,89132,41093,612,113,527,317,14549,1611,26.7,81.0,163,19.0,1,445,424,75,5,8,1,1775,451,388,13,2023-2024,1719.13769531
cb188c0c,Lille,28,34,50,32,48,48.6,46.2,34.8,2,3,67,3,650,1468,1.47,0.94,1.41,1.43,1.02,1.36,34,1.0,128,94,75.8,15,44.1,5,3,2,0,40.0,3,0,2,2,37.5,0.26,106,360,29.4,1030,122,28.7,35.9,190,33.7,32.7,399,27,6.8,32,0.94,15.0,438,165,37.7,12.88,4.85,0.11,0.29,17.5,21,0.11,1.4,1.8,16278,84.3,279186,7309,8169,89.5,7084,7941,89.2,1351,2273,59.4,38.5,-2.8,1468,90871,324,1191,279,50,17662,1611,578,34,114,533,46,285,598,177,71,50,0,773,22.74,529,58,47,51,17,81,2.38,46,8,8,12,6,1,594,370,267,242,85,278,580,47.9,319,80,292,886,574,10,56.6,22824,2050,6613,11596,4827,761,22821,680,336,49.4,293,43.1,17241,94800,44141,532,190,468,310,16106,1453,25.1,85.0,130,15.0,1,376,489,46,3,5,2,1642,355,346,13,2023-2024,1751.39599609
d2c87802,Lorient,38,34,41,27,40,37.1,36.4,27.1,1,1,66,1,632,1293,1.21,0.79,1.18,1.09,0.8,1.07,66,1.94,207,142,72.0,4,11.8,8,8,0,0,0.0,8,1,8,1,64.0,0.28,139,378,36.8,850,162,30.5,31.4,299,39.8,33.8,591,24,4.1,13,0.38,8.9,368,135,36.7,10.82,3.97,0.11,0.3,17.7,6,0.1,3.9,3.6,13284,81.5,233137,5717,6546,87.3,5786,6600,87.7,1284,2251,57.0,27.5,-0.1,1293,84711,274,1004,251,56,14696,1546,459,25,80,565,56,292,555,135,57,51,0,641,18.85,473,32,36,32,14,63,1.85,46,1,2,11,2,1,538,326,284,195,59,252,531,47.5,391,129,337,875,805,14,46.3,20198,2448,6962,9140,4345,640,20197,691,341,49.3,316,45.7,14463,87600,40467,548,117,535,315,13141,1283,24.7,81.0,148,22.0,0,403,416,56,1,8,1,1684,410,394,13,2023-2024,1558.77148438
d53c0b06,Lyon,35,34,48,32,44,49.8,46.9,36.3,4,4,57,6,683,1600,1.41,0.94,1.29,1.47,1.07,1.38,55,1.62,169,114,69.8,10,29.4,6,4,1,1,20.0,4,2,7,1,48.1,0.26,137,386,35.5,890,169,33.5,26.1,249,35.3,31.9,470,39,8.3,31,0.91,13.4,439,168,38.3,12.91,4.94,0.1,0.26,16.5,16,0.11,-1.8,-2.9,14823,82.4,257980,6513,7395,88.1,6362,7223,88.1,1409,2376,59.3,42.0,-4.3,1600,90576,335,1163,330,74,16440,1492,413,56,101,560,52,330,576,166,72,46,0,764,22.47,533,58,64,35,12,84,2.47,56,3,8,12,5,0,538,331,241,203,94,250,578,43.3,343,118,304,842,563,12,51.8,21623,2216,6779,9649,5437,865,21619,742,375,50.5,317,42.7,15991,90353,42599,550,196,525,352,14665,1577,26.6,81.0,142,22.0,1,425,367,52,4,6,1,1715,396,367,13,2023-2024,1713.1796875
5725cc7b,Marseille,33,34,50,32,46,54.9,51.8,40.3,4,4,61,5,635,1613,1.47,0.94,1.35,1.61,1.19,1.52,41,1.21,130,90,70.8,7,20.6,3,3,0,0,0.0,3,1,7,1,33.8,0.24,98,337,29.1,1022,119,26.3,28.4,222,30.6,29.4,430,19,4.4,26,0.76,10.4,477,152,31.9,14.03,4.47,0.1,0.3,17.0,20,0.11,-4.9,-5.8,14716,81.8,259765,6190,7030,88.1,6752,7732,87.3,1310,2344,55.9,39.7,-8.3,1613,88302,349,1272,324,88,16375,1556,451,39,63,713,69,312,626,184,42,110,0,851,25.03,626,48,51,49,9,88,2.59,66,3,2,12,5,0,604,371,270,264,70,292,587,49.7,365,99,332,936,633,8,53.7,21671,1889,6061,10285,5532,815,21667,548,260,47.4,244,44.5,15835,90152,42162,595,156,478,303,14559,1609,27.3,82.0,137,20.0,2,374,426,69,4,3,1,1753,372,365,13,2023-2024,1724.24462891
f83960ae,Metz,30,34,35,25,31,34.2,29.7,23.2,4,6,54,3,458,910,1.03,0.74,0.91,1.01,0.68,0.87,58,1.71,188,130,72.3,6,17.6,6,6,0,0,0.0,6,1,7,0,53.1,0.26,215,682,31.5,727,128,57.1,42.4,299,89.3,59.1,583,47,8.1,22,0.65,10.3,326,106,32.5,9.59,3.12,0.1,0.29,18.8,11,0.09,0.8,1.3,8816,73.6,177167,3132,3872,80.9,4173,5024,83.1,1317,2559,51.5,15.0,1.8,910,68613,234,685,152,61,10324,1617,435,16,110,563,45,279,659,133,62,65,0,570,16.76,372,38,42,41,17,60,1.76,41,4,6,5,3,1,562,334,310,183,69,238,514,46.3,416,127,348,910,834,9,35.6,15895,2067,5771,7135,3258,451,15889,655,290,44.3,336,51.3,10009,63084,27228,422,96,507,267,8739,899,26.5,83.0,138,19.0,0,419,374,45,5,6,0,1574,390,534,13,2023-2024,1536.86694336
fd6114db,Monaco,30,34,66,45,64,55.0,50.9,37.7,2,5,79,8,614,1726,1.94,1.32,1.88,1.62,1.11,1.5,42,1.24,151,110,75.5,12,35.3,6,5,1,0,16.7,5,1,6,2,46.7,0.28,121,370,32.7,813,159,32.3,32.0,229,46.7,37.9,442,35,7.9,26,0.76,11.0,512,202,39.5,15.06,5.94,0.13,0.32,17.3,11,0.1,11.0,13.1,14825,80.8,260568,6362,7376,86.3,6547,7589,86.3,1414,2430,58.2,42.0,7.3,1726,96791,370,1364,365,46,16702,1571,465,76,72,517,73,335,619,183,54,82,0,884,26.0,650,38,65,32,26,107,3.15,81,4,6,10,4,2,664,412,259,314,91,322,686,46.9,418,85,394,1058,582,14,53.6,22252,1983,5837,11000,5665,893,22247,593,301,50.8,255,43.0,16173,89004,38754,593,179,575,325,14692,1713,25.0,84.0,125,16.0,4,481,400,73,5,6,2,1949,402,394,13,2023-2024,1761.04504395
281b0e73,Montpellier,31,34,41,26,34,46.0,40.9,31.1,7,7,68,4,553,1174,1.21,0.76,1.0,1.35,0.91,1.2,48,1.41,171,125,74.3,10,29.4,5,4,1,0,20.0,4,2,4,3,47.7,0.25,168,497,33.8,851,163,45.9,38.0,292,36.3,33.2,527,32,6.1,13,0.38,9.6,437,153,35.0,12.85,4.5,0.08,0.22,19.0,23,0.09,-5.0,-6.9,11198,76.6,209508,4428,5251,84.3,4815,5705,84.4,1503,2790,53.9,28.0,-5.1,1174,81796,304,900,216,64,12910,1653,489,37,130,601,55,317,653,138,35,88,0,748,22.0,503,45,51,57,16,66,1.94,44,5,6,7,4,0,619,379,352,187,80,310,691,44.9,427,161,308,927,766,5,44.6,18599,2267,6560,8239,4047,672,18592,621,293,47.2,283,45.6,12397,73315,34699,489,166,561,291,11076,1155,26.1,82.0,140,20.0,0,432,447,55,4,5,3,1784,426,449,13,2023-2024,1645.79785156
d7a486cd,Nantes,35,34,30,17,26,37.6,33.6,25.5,4,5,67,3,569,1243,0.88,0.5,0.76,1.11,0.75,0.99,55,1.62,156,101,70.5,8,23.5,10,9,0,1,0.0,9,0,3,0,55.2,0.32,175,515,34.0,965,175,37.0,40.3,259,61.0,45.6,505,41,8.1,33,0.97,7.8,376,129,34.3,11.06,3.79,0.07,0.2,17.7,16,0.09,-7.6,-7.6,12180,79.2,219808,5084,5814,87.4,5410,6278,86.2,1273,2486,51.2,28.6,-8.5,1243,81996,275,971,230,78,13814,1519,397,50,69,627,51,276,609,165,72,62,0,665,19.56,505,35,44,32,12,48,1.41,32,4,1,4,6,1,582,352,307,220,55,298,616,48.4,339,102,332,914,697,4,44.8,18988,2268,6241,8774,4159,639,18983,468,220,47.0,212,45.3,13293,73735,33515,438,141,520,254,12078,1229,26.8,81.0,154,20.0,0,448,375,51,5,10,0,1621,387,424,13,2023-2024,1541.51818848
132ebc33,Nice,27,34,39,23,33,49.9,44.4,34.6,6,7,62,4,661,1245,1.15,0.68,0.97,1.47,1.02,1.31,29,0.85,105,74,77.1,17,50.0,8,5,3,0,37.5,5,0,1,1,30.7,0.22,74,189,39.2,1025,158,15.2,23.9,208,15.9,22.3,376,32,8.5,21,0.62,12.2,452,149,33.0,13.29,4.38,0.07,0.22,17.2,12,0.1,-10.9,-11.4,15511,84.4,255169,7507,8293,90.5,6438,7248,88.8,1061,1950,54.4,30.3,-11.6,1245,85900,326,899,255,68,16875,1452,414,41,43,605,52,283,583,184,76,84,1,791,23.26,571,53,49,35,17,69,2.03,48,5,5,3,7,1,538,308,247,212,79,285,505,56.4,389,111,292,830,505,10,52.4,22006,2245,7341,10584,4353,741,21999,752,371,49.3,342,45.5,16643,94005,44283,624,153,553,341,15354,1226,25.8,82.0,160,19.0,0,402,373,52,7,8,1,1707,374,360,13,2023-2024,1702.64208984
e2d8892c,Paris S,29,34,78,61,71,68.8,61.6,51.6,7,9,51,3,845,1915,2.29,1.79,2.09,2.02,1.52,1.81,33,0.97,147,113,80.3,12,35.3,5,4,1,0,20.0,4,0,4,0,41.0,0.25,54,149,36.2,879,144,13.8,29.6,202,13.9,22.6,402,17,4.2,33,0.97,14.8,504,187,37.1,14.82,5.5,0.14,0.38,17.3,14,0.12,9.2,9.4,21536,88.3,366597,9423,10335,91.2,9980,10802,92.4,1507,2177,69.2,48.4,9.4,1915,106542,425,1763,365,53,22942,1401,395,73,98,513,53,331,540,198,58,60,0,943,27.74,743,76,32,35,13,145,4.26,114,4,11,5,10,1,585,360,254,221,110,283,602,47.0,346,108,268,853,509,22,65.2,27994,2331,7124,13880,7239,974,27985,815,401,49.2,364,44.7,22605,117789,57147,772,284,474,288,21336,1901,24.7,81.0,141,23.0,1,353,362,53,9,5,0,1761,275,267,13,2023-2024,1877.40136719
7fdd64e0,Reims,29,34,40,28,37,44.5,41.3,33.3,3,4,70,3,625,1425,1.18,0.82,1.09,1.31,0.98,1.22,47,1.38,137,90,70.1,8,23.5,7,6,1,0,14.3,6,1,4,1,42.7,0.27,124,353,35.1,1050,179,27.0,30.1,242,28.5,28.2,522,38,7.3,46,1.35,14.2,411,126,30.7,12.09,3.71,0.09,0.29,17.0,10,0.1,-4.5,-4.3,12995,79.4,243795,4942,5830,84.8,6140,7027,87.4,1553,2684,57.9,34.9,-5.3,1425,83980,318,1098,241,76,14705,1576,392,45,103,618,84,320,688,174,65,85,0,727,21.38,544,51,51,21,8,71,2.09,52,3,7,3,4,2,640,392,303,246,91,320,639,50.1,398,133,342,982,671,10,50.4,20300,2235,6510,9331,4713,700,20296,660,329,49.8,297,45.0,14199,84533,39985,477,157,577,299,12862,1410,25.9,82.0,155,18.0,2,444,324,84,4,7,1,1825,395,390,13,2023-2024,1633.6229248
b3072e00,Rennes,29,34,53,29,43,53.1,44.5,31.8,10,11,66,4,606,1639,1.56,0.85,1.26,1.56,0.93,1.31,46,1.35,147,104,70.7,7,20.6,3,3,0,0,0.0,3,0,5,3,38.2,0.25,134,416,32.2,1001,149,30.4,31.5,208,53.8,40.5,451,36,8.0,37,1.09,15.1,476,157,33.0,14.0,4.62,0.09,0.27,18.0,18,0.1,-0.1,-1.5,14481,82.4,266518,5645,6490,87.0,6806,7723,88.1,1575,2513,62.7,34.5,-2.8,1639,91799,351,1257,311,61,16008,1536,483,38,96,554,36,276,608,157,57,67,0,864,25.41,605,61,67,47,17,94,2.76,58,1,7,15,11,2,526,311,261,190,75,280,525,53.3,371,106,328,854,618,10,52.1,21300,2090,6252,9861,5426,794,21289,689,351,50.9,289,41.9,15567,92352,44323,634,144,500,334,14324,1625,25.2,81.0,160,19.0,0,424,438,36,10,3,3,1669,386,424,13,2023-2024,1693.56115723
c0d3eab4,Strasbourg,30,34,36,24,33,41.9,38.8,31.7,3,4,59,2,548,1152,1.06,0.71,0.97,1.23,0.93,1.14,50,1.47,125,77,63.2,5,14.7,5,4,1,0,20.0,4,0,3,3,39.7,0.28,144,409,35.2,860,125,40.6,34.5,259,23.2,26.6,460,25,5.4,40,1.18,13.9,363,119,32.8,10.68,3.5,0.09,0.28,17.9,12,0.11,-5.9,-5.8,12021,80.0,225581,4556,5286,86.2,5863,6761,86.7,1315,2383,55.2,28.7,-7.7,1152,77797,280,903,218,67,13463,1533,487,44,65,554,35,224,586,117,61,39,2,638,18.76,449,52,31,36,17,61,1.79,30,7,7,9,6,2,620,383,317,240,63,308,572,53.8,406,115,347,967,682,13,44.3,18798,2315,6649,8526,3874,559,18794,639,318,49.8,277,43.3,13153,79771,36751,514,108,489,313,11914,1142,24.1,83.0,141,20.0,1,462,413,35,4,5,3,1568,374,413,13,2023-2024,1608.73596191
3f8c4b5f,Toulouse,26,34,42,30,36,40.3,33.3,26.4,6,9,77,1,549,1405,1.24,0.88,1.06,1.18,0.78,0.98,46,1.35,139,93,69.8,6,17.6,4,4,0,0,0.0,4,2,6,0,45.3,0.3,92,285,32.3,643,93,29.9,29.3,252,36.9,32.3,490,7,1.4,16,0.47,10.7,395,128,32.4,11.62,3.76,0.09,0.28,17.4,11,0.09,1.7,2.7,13014,79.8,231736,5571,6480,86.0,5860,6824,85.9,1239,2195,56.4,30.8,3.6,1405,82869,301,1057,259,60,14673,1581,476,43,102,526,50,348,622,151,53,78,0,694,20.41,475,40,52,37,24,76,2.24,55,6,1,5,8,1,612,358,295,241,76,294,626,47.0,431,148,294,906,715,6,48.4,20087,2092,6116,9591,4602,735,20078,592,289,48.8,265,44.8,13929,76303,35079,474,153,501,267,12883,1395,23.8,82.0,154,20.0,1,501,448,50,9,4,0,1759,472,421,13,2023-2024,1644.09509277
7a54bb4f,Ajaccio,36,38,22,12,16,36.1,29.5,22.8,6,9,86,10,487,1169,0.58,0.32,0.42,0.95,0.6,0.78,74,1.95,161,89,59.6,6,15.8,10,9,0,1,0.0,9,1,11,2,57.6,0.31,238,633,37.6,784,90,53.3,40.7,261,82.4,51.6,507,26,5.1,60,1.58,11.5,311,81,26.0,8.18,2.13,0.05,0.2,18.1,12,0.1,-14.1,-13.5,11216,73.4,206467,4741,5780,82.0,4578,5701,80.3,1448,2889,50.1,23.4,-10.8,1169,81586,234,954,188,71,13368,1855,562,39,57,631,63,349,795,126,42,65,0,539,14.18,350,22,34,51,10,38,1.0,23,0,3,5,5,2,637,382,321,236,80,313,694,45.1,359,85,420,1057,670,10,43.2,19271,1979,6134,9380,3966,486,19262,632,285,45.1,277,43.8,12563,73530,32337,406,92,625,324,11114,1150,29.1,81.0,172,21.0,2,541,495,63,8,10,2,2053,602,711,13,2022-2023,1408.40759277
69236f98,Angers,33,38,31,18,27,40.9,37.8,28.0,4,4,69,5,632,1393,0.82,0.47,0.71,1.08,0.74,0.99,81,2.13,197,119,63.5,4,10.5,11,9,1,1,10.0,9,1,9,4,67.8,0.3,127,416,30.5,733,194,38.1,33.6,256,53.5,42.1,500,38,7.6,27,0.71,11.8,367,121,33.0,9.66,3.18,0.07,0.22,17.5,18,0.11,-9.9,-10.8,14103,80.8,252709,5934,6810,87.1,6249,7208,86.7,1435,2536,56.6,27.6,-10.0,1393,88748,276,1124,214,65,15689,1727,483,40,92,584,47,294,705,164,98,42,0,647,17.03,471,44,25,44,7,53,1.39,35,5,2,4,7,0,652,386,311,268,73,310,610,50.8,402,99,375,1027,605,13,46.9,21515,2041,6588,10633,4609,567,21511,928,441,47.5,392,42.2,15521,89958,41416,596,149,593,349,13974,1374,25.7,81.0,157,22.0,3,492,422,47,4,11,4,2025,436,441,13,2022-2023,1430.69885254
5ae09109,Auxerre,33,38,32,17,25,42.8,35.8,27.3,7,9,54,6,531,1284,0.84,0.45,0.66,1.13,0.72,0.94,63,1.66,181,117,67.4,7,18.4,6,4,2,0,33.3,4,0,3,1,57.8,0.3,268,698,38.4,978,145,48.4,46.4,289,77.9,53.5,599,17,2.8,26,0.68,12.9,420,117,27.9,11.05,3.08,0.06,0.21,19.6,15,0.09,-10.8,-10.8,12386,77.5,240572,4837,5709,84.7,5262,6177,85.2,1838,3237,56.8,25.6,-10.3,1284,90967,301,1020,243,82,14213,1728,491,31,210,617,48,305,712,135,56,57,0,733,19.29,528,52,40,35,17,50,1.32,28,4,3,7,8,0,674,378,337,263,74,313,678,46.2,441,118,454,1128,782,11,43.3,20359,2523,7094,9231,4269,630,20350,749,337,45.0,319,42.6,13862,80840,35785,461,131,645,320,12268,1267,27.3,82.0,159,19.0,4,462,419,48,6,6,1,2078,487,566,13,2022-2023,1508.07226562
fb08dbb3,Brest,29,38,43,28,36,43.4,37.1,29.5,7,8,63,2,592,1311,1.13,0.74,0.95,1.14,0.78,0.98,54,1.42,179,125,73.7,9,23.7,9,7,2,0,22.2,7,1,11,2,55.1,0.26,206,490,42.0,824,166,38.7,45.7,300,57.0,43.3,531,32,6.0,25,0.66,3.5,417,132,31.7,10.97,3.47,0.09,0.27,17.4,13,0.09,-0.4,-1.1,12486,75.9,242407,4874,5833,83.6,5395,6456,83.6,1807,3246,55.7,30.9,-1.5,1311,93329,314,1027,243,94,14545,1848,525,30,162,755,59,339,754,178,82,81,2,736,19.37,495,33,50,41,19,73,1.92,39,10,4,8,9,3,705,417,348,289,68,356,740,48.1,435,115,475,1180,686,13,44.9,20724,2299,6960,9493,4555,668,20716,655,270,41.2,301,46.0,13923,82682,37394,490,124,566,322,12371,1294,26.6,83.0,160,19.0,0,499,462,59,7,9,2,2115,633,569,13,2022-2023,1578.3515625
d9676424,Clermont Foot,28,38,44,26,37,47.5,39.6,27.7,7,10,72,5,532,1304,1.16,0.68,0.97,1.25,0.73,1.04,49,1.29,164,111,75.0,10,26.3,12,8,4,0,33.3,8,0,5,0,56.5,0.29,238,618,38.5,1196,177,41.4,33.6,308,39.9,35.9,478,35,7.3,30,0.79,21.3,393,139,35.4,10.34,3.66,0.09,0.27,18.3,16,0.1,-3.5,-2.6,14212,79.1,256952,6081,7055,86.2,6018,7037,85.5,1613,2887,55.9,28.5,-1.7,1304,96617,267,1004,239,62,16060,1849,642,31,105,564,52,373,658,155,73,48,4,668,17.58,497,32,39,39,10,72,1.89,45,4,5,11,6,1,685,398,350,250,85,351,779,45.1,424,126,440,1125,571,17,48.3,22057,2500,7753,10251,4323,656,22047,753,350,46.5,309,41.0,15772,89656,41497,508,111,566,338,14090,1294,27.2,83.0,167,17.0,2,426,592,52,7,12,0,2051,410,427,13,2022-2023,1578.86181641
fd4e0f7d,Lens,29,38,66,49,60,66.7,59.8,47.4,6,9,63,3,738,1829,1.74,1.29,1.58,1.76,1.25,1.57,29,0.76,129,101,79.8,15,39.5,3,3,0,0,0.0,3,0,6,1,34.0,0.24,183,449,40.8,1059,145,37.1,36.8,215,26.0,27.8,404,35,8.7,41,1.08,8.2,518,177,34.2,13.63,4.66,0.12,0.34,16.4,6,0.12,-0.7,0.2,17809,84.0,307973,7942,8840,89.8,7624,8652,88.1,1618,2642,61.2,45.6,1.6,1829,105609,395,1547,354,105,19476,1665,556,53,111,791,62,311,623,204,80,87,1,921,24.24,681,50,49,40,21,116,3.05,85,8,9,6,5,3,540,323,225,238,77,262,570,46.0,401,112,339,879,559,7,55.6,24935,2026,6456,12750,5964,841,24926,666,326,48.9,255,38.3,19150,112844,52786,732,160,526,302,17645,1821,26.4,82.0,169,18.0,0,492,481,62,7,3,1,1975,406,369,13,2022-2023,1756.68395996
cb188c0c,Lille,26,38,65,40,54,68.7,60.0,46.4,11,12,82,1,798,1982,1.71,1.05,1.42,1.81,1.22,1.58,44,1.16,122,80,67.2,10,26.3,5,4,1,0,20.0,4,2,3,3,39.2,0.28,82,316,25.9,963,148,27.5,29.4,198,25.8,26.8,382,27,7.1,34,0.89,13.5,545,201,36.9,14.34,5.29,0.1,0.27,16.8,16,0.12,-3.7,-6.0,19266,84.4,325045,8924,9956,89.6,8012,8981,89.2,1622,2635,61.6,52.2,-6.4,1982,109059,421,1602,398,61,20992,1770,555,56,124,624,64,398,718,217,81,76,1,996,26.21,735,50,70,51,11,111,2.92,76,6,2,15,12,0,635,370,266,265,104,314,658,47.7,390,74,301,936,543,13,60.5,26767,2074,7054,13386,6573,1010,26755,826,400,48.4,330,40.0,20538,112069,52803,705,206,537,398,19056,1959,26.0,84.0,142,19.0,0,497,480,64,10,5,3,2138,440,463,13,2022-2023,1705.77429199
d2c87802,Lorient,30,38,49,32,45,44.5,39.8,29.4,4,6,48,4,753,1329,1.29,0.84,1.18,1.17,0.77,1.05,53,1.39,182,130,72.0,8,21.1,2,2,0,0,0.0,2,2,6,1,52.4,0.28,142,404,35.1,852,186,32.9,29.5,349,35.5,30.5,725,33,4.6,16,0.42,10.6,397,149,37.5,10.45,3.92,0.11,0.3,17.9,16,0.1,4.5,5.2,14837,82.0,248618,6810,7694,88.5,6246,7147,87.4,1173,2192,53.5,26.5,2.6,1329,91944,295,994,240,38,16255,1783,540,48,55,434,49,334,658,145,60,52,2,705,18.55,505,66,38,38,15,86,2.26,52,6,15,5,6,2,736,420,409,244,83,315,690,45.7,484,141,369,1105,849,17,46.6,22605,2854,8346,10039,4473,695,22599,916,406,44.3,388,42.4,16379,97993,47864,592,175,596,332,14727,1322,25.2,83.0,145,20.0,3,397,501,49,5,2,1,2019,407,479,13,2022-2023,1565.25048828
d53c0b06,Lyon,29,38,63,45,57,61.1,54.8,45.1,6,8,61,3,709,1883,1.66,1.18,1.5,1.61,1.19,1.44,47,1.24,155,111,76.8,8,21.1,11,11,0,0,0.0,11,2,5,3,50.2,0.26,126,366,34.4,1010,164,29.8,28.7,236,27.5,30.2,436,25,5.7,35,0.92,17.2,511,199,38.9,13.45,5.24,0.11,0.29,16.7,18,0.11,1.9,2.2,18956,83.5,326617,8477,9572,88.6,8134,9170,88.7,1688,2738,61.7,54.5,-0.1,1883,110346,393,1575,381,76,20857,1784,521,65,101,649,57,395,758,184,71,68,0,902,23.74,668,61,52,39,15,109,2.87,85,6,3,8,6,1,723,423,306,282,135,367,771,47.6,433,107,481,1204,542,12,58.1,27048,2207,7251,13396,6634,1041,27040,895,398,44.5,401,44.8,20488,110348,50615,719,233,618,371,18817,1868,25.5,83.0,141,21.0,1,500,453,57,5,11,3,2144,452,438,13,2022-2023,1708.24743652
5725cc7b,Marseille,30,38,61,38,55,65.3,60.0,47.0,6,7,63,4,759,1919,1.61,1.0,1.45,1.72,1.24,1.58,40,1.05,142,105,75.4,10,26.3,5,5,0,0,0.0,5,0,7,3,37.7,0.24,123,371,33.2,1071,163,25.1,27.4,248,41.1,35.2,443,25,5.6,44,1.16,17.9,546,173,31.7,14.37,4.55,0.1,0.32,16.7,16,0.11,-4.3,-5.0,16817,81.3,300757,7113,8165,87.1,7385,8560,86.3,1744,2795,62.4,47.7,-9.0,1919,97471,397,1555,443,98,18914,1707,448,72,149,751,68,359,723,209,107,50,0,954,25.11,693,61,71,38,20,98,2.58,55,8,9,16,6,4,685,404,271,304,110,301,593,50.8,366,101,420,1105,570,11,56.7,24839,2007,6525,11697,6878,1000,24832,743,357,48.0,320,43.1,18366,107143,52090,639,172,598,360,16633,1895,27.3,81.0,163,22.0,1,533,419,68,3,5,3,2291,491,484,13,2022-2023,1722.44055176
fd6114db,Monaco,27,38,69,47,64,62.1,55.7,42.2,5,8,64,5,719,1820,1.82,1.24,1.68,1.63,1.11,1.47,58,1.53,195,140,72.8,9,23.7,5,5,0,0,0.0,5,1,4,3,49.5,0.24,189,445,42.5,869,203,32.5,32.8,272,59.9,44.8,454,36,7.9,33,0.87,12.7,470,199,42.3,12.37,5.24,0.14,0.32,17.0,10,0.12,6.9,8.3,14414,78.4,263795,5987,7079,84.6,6203,7320,84.7,1718,2930,58.6,41.9,4.8,1820,99640,358,1373,374,59,16574,1720,457,46,137,661,84,356,730,166,80,72,1,834,21.95,620,47,46,35,17,117,3.08,78,9,7,11,9,3,696,400,284,310,102,323,701,46.1,459,120,426,1122,549,14,48.2,22398,2069,5963,10799,5891,918,22390,678,318,46.9,283,41.7,15973,91223,44561,590,183,550,345,14273,1802,24.7,81.0,155,23.0,3,488,411,84,8,5,3,2203,515,457,13,2022-2023,1664.80285645
281b0e73,Montpellier,31,38,64,41,57,52.2,46.7,34.3,7,7,68,10,556,1250,1.68,1.08,1.5,1.37,0.9,1.23,62,1.63,202,138,72.3,11,28.9,11,6,4,1,40.0,6,0,6,2,64.7,0.28,201,583,34.5,933,172,42.8,49.4,304,60.5,44.9,572,34,5.9,27,0.71,8.3,435,165,37.9,11.45,4.34,0.13,0.35,18.3,22,0.11,11.8,10.3,12420,76.6,223908,5391,6416,84.0,4978,5904,84.3,1511,2866,52.7,29.5,6.7,1250,86793,310,906,215,60,14249,1901,555,38,123,673,71,319,749,195,85,87,2,748,19.68,515,45,49,52,13,106,2.79,77,5,4,11,8,1,684,413,362,249,73,361,745,48.5,448,121,404,1088,686,9,45.8,20469,2351,6847,9513,4378,670,20462,780,338,43.3,321,41.2,13886,80186,37309,494,150,594,362,12321,1243,26.0,81.0,170,21.0,1,488,523,71,6,11,2,2095,480,553,13,2022-2023,1590.89880371
d7a486cd,Nantes,29,38,35,27,32,42.8,39.0,31.8,3,5,65,4,705,1565,0.92,0.71,0.84,1.13,0.84,1.03,55,1.45,185,134,75.1,11,28.9,9,9,0,0,0.0,9,1,6,4,56.3,0.26,194,525,37.0,962,211,36.9,33.2,253,67.2,49.2,504,43,8.5,39,1.03,7.0,443,151,34.1,11.66,3.97,0.07,0.21,18.1,16,0.09,-7.8,-7.0,13283,77.4,249004,5334,6308,84.6,5788,6906,83.8,1710,3062,55.8,29.8,-4.8,1565,92349,330,1217,248,103,15386,1729,462,17,121,820,54,313,725,196,77,89,0,771,20.29,558,52,49,33,9,63,1.66,45,6,3,4,4,1,709,431,367,249,93,367,730,50.3,427,107,431,1140,731,8,45.9,21497,2310,6504,10417,4849,726,21492,788,378,48.0,333,42.3,14771,86725,40556,483,154,553,350,13142,1547,26.7,81.0,176,20.0,2,481,414,54,3,9,4,2075,592,598,13,2022-2023,1524.43164062
132ebc33,Nice,34,38,47,32,41,57.2,51.7,39.3,6,7,53,3,774,1534,1.24,0.84,1.08,1.51,1.04,1.36,37,0.97,147,109,76.9,11,28.9,5,3,1,1,25.0,3,2,5,0,39.0,0.24,178,408,43.6,946,130,30.5,32.7,308,38.6,35.3,481,26,5.4,26,0.68,12.9,507,187,36.9,13.34,4.92,0.08,0.22,17.8,11,0.1,-10.2,-10.7,17325,83.4,302310,7763,8659,89.7,7395,8322,88.9,1612,2744,58.7,36.2,-7.3,1534,104293,389,1195,294,81,19059,1674,442,53,93,690,51,368,656,193,88,60,0,894,23.53,654,66,55,25,17,82,2.16,52,6,10,10,4,0,818,467,415,295,108,382,680,56.2,419,115,413,1231,588,9,51.5,25011,2520,8118,11897,5306,801,25004,822,420,51.1,330,40.1,18764,107128,51614,663,168,547,384,17175,1517,26.5,81.0,162,22.0,1,383,376,51,5,5,0,2143,392,365,13,2022-2023,1644.2701416
e2d8892c,Paris S,26,38,86,62,81,78.2,72.6,56.8,5,7,57,5,810,2029,2.26,1.63,2.13,2.06,1.49,1.91,40,1.05,160,120,76.3,13,34.2,5,2,1,2,33.3,2,1,3,1,43.3,0.26,54,148,36.5,687,167,15.7,19.0,252,15.9,21.8,437,33,7.6,27,0.71,,562,242,43.1,14.79,6.37,0.14,0.33,16.2,28,0.13,7.8,8.4,23694,89.5,370887,12058,13038,92.5,8984,9684,92.8,1551,2115,73.3,67.8,5.2,2029,117063,435,1901,479,46,24872,1527,458,149,109,399,77,368,537,204,74,61,0,1024,26.95,791,57,58,47,11,151,3.97,116,5,9,11,8,2,612,362,253,255,104,339,693,48.9,378,109,296,908,432,20,60.7,30202,2265,7245,15502,7723,1130,30195,976,454,46.5,423,43.3,24951,129073,62262,842,238,445,392,23544,2015,26.9,82.0,149,20.0,2,380,416,77,5,5,1,1938,245,201,13,2022-2023,1825.62841797
7fdd64e0,Reims,34,38,45,31,38,61.5,55.2,43.4,7,8,70,9,712,1717,1.18,0.82,1.0,1.62,1.14,1.45,45,1.18,166,123,74.7,14,36.8,3,3,0,0,0.0,3,2,4,2,48.8,0.28,165,402,41.0,1007,216,31.2,31.8,263,33.5,33.7,533,48,9.0,39,1.03,12.7,516,165,32.0,13.58,4.34,0.07,0.23,18.1,17,0.11,-16.5,-17.2,13670,77.8,255023,5346,6462,82.7,6288,7422,84.7,1634,2771,59.0,41.1,-12.4,1717,95219,383,1234,323,87,15706,1774,475,72,140,707,85,354,777,178,56,79,0,900,23.68,687,50,54,33,22,79,2.08,55,2,8,7,7,0,703,407,338,259,106,339,747,45.4,468,127,397,1100,633,15,48.7,22018,2275,6937,10012,5357,823,22010,800,347,43.4,370,46.3,15457,92007,44472,535,187,675,379,13524,1704,24.9,82.0,162,19.0,2,507,423,85,7,3,2,2368,472,465,13,2022-2023,1610.34423828
b3072e00,Rennes,32,38,66,47,63,61.4,59.0,45.4,3,3,58,6,774,1922,1.74,1.24,1.66,1.62,1.2,1.55,39,1.03,126,86,71.4,13,34.2,5,3,2,0,40.0,3,0,7,1,38.9,0.28,186,487,38.2,1126,180,31.5,33.0,232,56.9,42.3,457,40,8.8,56,1.47,14.8,526,189,35.9,13.84,4.97,0.12,0.33,16.3,15,0.12,4.6,4.0,17618,83.1,329357,6547,7582,86.3,8678,9724,89.2,1943,2973,65.4,45.9,1.6,1922,104782,396,1422,378,75,19509,1630,464,51,104,564,54,354,683,174,63,78,0,932,24.53,679,70,66,30,18,114,3.0,79,3,15,9,6,2,600,335,255,251,94,289,616,46.9,392,91,341,941,587,10,55.4,25212,2030,6550,12749,6163,1000,25209,784,410,52.3,308,39.3,19035,109626,51641,709,208,565,337,17479,1906,25.2,82.0,174,19.0,2,465,379,54,3,5,1,2035,538,520,13,2022-2023,1700.05041504
c0d3eab4,Strasbourg,29,38,48,28,43,48.5,42.8,32.1,5,7,73,7,610,1351,1.26,0.74,1.13,1.28,0.84,1.13,59,1.55,174,115,71.8,6,15.8,11,10,0,1,0.0,10,1,6,0,56.5,0.27,159,455,34.9,745,130,46.2,36.9,226,49.1,40.1,504,31,6.2,32,0.84,12.8,442,150,33.9,11.63,3.95,0.1,0.29,17.5,21,0.1,-0.5,0.2,13337,77.2,243280,5565,6548,85.0,5799,6916,83.8,1518,2902,52.3,39.2,-4.1,1351,88687,324,1110,313,97,15473,1761,555,49,131,647,43,324,740,143,45,75,1,774,20.37,550,38,45,53,19,78,2.05,52,2,5,9,7,3,690,409,316,284,90,344,666,51.7,423,98,437,1127,688,5,45.9,21567,2088,6402,10381,5043,755,21560,708,340,48.0,277,39.1,14701,85310,39876,604,131,589,313,13215,1340,27.3,81.0,161,22.0,2,529,474,43,6,11,0,2132,677,573,13,2022-2023,1610.48657227
3f8c4b5f,Toulouse,29,38,50,33,46,52.5,49.4,35.8,4,4,62,3,648,1737,1.32,0.87,1.21,1.38,0.94,1.3,57,1.5,179,122,70.4,9,23.7,7,4,3,0,42.9,4,2,8,3,54.2,0.28,136,363,37.5,947,176,25.6,29.5,323,37.5,32.8,517,30,5.8,21,0.55,10.1,453,171,37.7,11.92,4.5,0.1,0.27,16.3,19,0.11,-2.5,-3.4,15392,80.0,275031,6715,7800,86.1,6477,7508,86.3,1671,2815,59.4,34.8,-2.8,1737,102525,329,1259,297,59,17352,1810,453,38,201,660,74,422,739,201,71,113,0,768,20.21,558,30,66,33,11,81,2.13,59,5,3,10,4,0,716,406,349,264,103,368,842,43.7,476,138,409,1125,656,15,51.3,23432,2448,7418,10853,5373,773,23428,668,283,42.4,302,45.2,16785,92186,43533,533,150,554,303,15271,1723,25.1,82.0,162,20.0,3,473,413,74,2,7,3,2168,483,460,13,2022-2023,1556.95031738
54195385,Troyes,32,38,43,26,38,39.1,35.6,27.9,5,5,55,5,638,1235,1.13,0.68,1.0,1.03,0.73,0.94,81,2.13,228,148,67.5,1,2.6,8,7,1,0,12.5,7,0,10,2,71.3,0.29,146,518,28.2,935,185,36.4,35.2,326,54.6,42.0,650,45,6.9,22,0.58,14.4,390,130,33.3,10.26,3.42,0.1,0.29,18.2,8,0.09,3.9,2.4,12751,78.7,226331,5580,6477,86.2,5447,6399,85.1,1278,2441,52.4,24.6,-1.9,1235,85483,303,941,206,63,14416,1720,477,35,128,517,57,327,650,148,79,35,0,696,18.32,503,47,40,34,13,72,1.89,48,3,6,8,7,0,608,361,333,207,68,272,606,44.9,416,144,398,1006,779,5,42.6,20380,2819,7826,8833,3993,590,20375,792,365,46.1,347,43.8,14238,84027,38482,481,144,531,341,12642,1224,25.8,83.0,141,21.0,1,402,404,57,4,8,2,1986,476,495,13,2022-2023,1448.54772949
