meta_data_team_id,meta_data_team_name,league_id,season_id,PC1,PC2,PC3,Elo
18bb7c10,Arsenal,9,2018-2019,7.587263916768079,0.6327467651022052,-0.7006103902546389,1870.87512207
4ba7cbea,Bournemouth,9,2018-2019,0.9906377579130448,1.4471975339456742,-0.27826326106102844,1694.88586426
d07537b9,Brighton,9,2018-2019,-5.76121646521388,6.078087598387705,2.7591472555624366,1620.25097656
943e8050,Burnley,9,2018-2019,-6.009933332077764,4.915234505473371,6.29597468791422,1685.65490723
75fae011,Cardiff City,9,2018-2019,-9.482114531095688,6.398996727192155,6.123979739439425,1696.0341238207259
cff3d9bb,Chelsea,9,2018-2019,12.965323223260949,-2.261999154013579,1.1424111717645997,1886.99499512
47c64c55,Crystal Palace,9,2018-2019,-0.039046044814218396,4.1447407085628685,3.2627308340616024,1746.52441406
d3fd31cc,Everton,9,2018-2019,2.6002449009075903,3.521056105936102,5.419274928923937,1773.65405273
fd962109,Fulham,9,2018-2019,-1.9479090075383594,6.746819584050701,-0.1716178835205723,1589.33032227
f5922ca5,Huddersfield,9,2018-2019,-6.124961707700677,8.175942313297313,1.6540969236346996,1525.95703125
a2d435b3,Leicester City,9,2018-2019,2.9151767041666248,3.0388164971635256,3.3220764017883875,1742.6628418
822bd0ba,Liverpool,9,2018-2019,14.585883415911486,-4.777773756481144,4.403095149181032,2043.74633789
b8fd03ef,Manchester City,9,2018-2019,20.357721294390174,-7.573012922211688,3.3146169840938264,2041.26416016
19538871,Manchester Utd,9,2018-2019,5.754470625845821,1.2945819806830647,1.2216900043199428,1842.21777344
b2b47a98,Newcastle Utd,9,2018-2019,-4.30552395174046,4.4708169838042044,4.321808918754043,1719.57849121
33c895d4,Southampton,9,2018-2019,-2.5486917628269277,4.66524310981215,3.3423870022311957,1677.77783203
361ca564,Tottenham,9,2018-2019,8.251379374374396,0.14593759109003307,0.5839653898436615,1901.27246094
2abfe087,Watford,9,2018-2019,-1.0433073872161167,4.119173632424053,3.965912362028501,1689.30114746
7c21e445,West Ham,9,2018-2019,0.8127125503628705,4.660694436231085,1.505497994769851,1733.4362793
8cec06e1,Wolves,9,2018-2019,0.7526674440479971,3.4792108933971426,3.45869671435465,1723.51721191
18bb7c10,Arsenal,9,2019-2020,3.9204876920858025,1.3700523711712058,-3.0328201763913123,1802.5333252
8602292d,Aston Villa,9,2019-2020,-2.497370445076918,4.112140773966198,1.128221119267988,1602.37646484
4ba7cbea,Bournemouth,9,2019-2020,-3.860077791251325,4.180821332433661,-0.095538960874273,1638.36486816
d07537b9,Brighton,9,2019-2020,1.280224309287934,3.1273237101784703,-0.3752796951204775,1640.24560547
943e8050,Burnley,9,2019-2020,-5.478341037010126,2.8527255452711255,6.064260904719163,1711.14550781
cff3d9bb,Chelsea,9,2019-2020,11.985758507684444,-0.4918112334562495,0.9867095282070008,1825.25744629
47c64c55,Crystal Palace,9,2019-2020,-4.156091151586746,5.791118539225211,2.4414100032979706,1726.61730957
d3fd31cc,Everton,9,2019-2020,0.6612734430901728,4.203774378127982,2.630290399106584,1737.55810547
a2d435b3,Leicester City,9,2019-2020,7.697972326868764,1.0588114056393614,0.9472921957261585,1803.66064453
822bd0ba,Liverpool,9,2019-2020,14.718853041569995,-5.1218849775899,3.6035267173046126,2026.43139648
b8fd03ef,Manchester City,9,2019-2020,22.00043512475298,-7.328295337849755,2.1016451102228393,1975.79089355
19538871,Manchester Utd,9,2019-2020,7.586133256340505,-1.9752910928729648,-0.36698935351322043,1851.97485352
b2b47a98,Newcastle Utd,9,2019-2020,-6.045170235228359,4.118194941137758,1.681684271325165,1693.29589844
1c781004,Norwich City,9,2019-2020,-2.861647764753223,7.002700635654721,-5.177446409619928,1696.0341238207259
1df6b87e,Sheffield Utd,9,2019-2020,-3.706408535919844,3.359633987762195,7.487594196112291,1706.29711914
33c895d4,Southampton,9,2019-2020,0.8563243818574326,4.254479882300032,4.14000494402985,1674.08850098
361ca564,Tottenham,9,2019-2020,3.17680848059429,2.672992336893081,-1.0709638495640388,1798.41308594
2abfe087,Watford,9,2019-2020,-4.672017918887111,6.463383471899553,3.207895158489771,1682.66589355
7c21e445,West Ham,9,2019-2020,-0.8057073833388875,4.068288535125066,2.904427173017965,1679.32177734
8cec06e1,Wolves,9,2019-2020,1.8966692491721733,1.5281540609409732,4.167325542933144,1784.2911377
18bb7c10,Arsenal,9,2020-2021,3.9901915919092237,-2.4374854031658844,-1.1400448108996322,1866.67456055
8602292d,Aston Villa,9,2020-2021,1.7803062743697418,1.5072191202763396,2.4471691218140044,1747.11230469
d07537b9,Brighton,9,2020-2021,1.1991965056861271,1.762535188055415,0.09620495012834308,1720.88342285
943e8050,Burnley,9,2020-2021,-6.600262435897651,3.429053790842794,5.298501236515956,1709.37329102
cff3d9bb,Chelsea,9,2020-2021,9.529449958537498,-1.711095934777123,-0.4345083364583568,1923.20202637
47c64c55,Crystal Palace,9,2020-2021,-5.165856838546511,3.170219206882919,1.4938437711155248,1693.30944824
d3fd31cc,Everton,9,2020-2021,-0.2847915732484181,2.2323667032211074,0.48392718957739356,1771.19372559
fd962109,Fulham,9,2020-2021,-1.2302076017240884,4.339427465196993,-1.4497315086980946,1627.00708008
5bfb9659,Leeds United,9,2020-2021,6.032061496435097,2.0386312861420044,-2.593243278894814,1783.74121094
a2d435b3,Leicester City,9,2020-2021,4.73766366566216,-0.5247399187807615,-0.3697843175917058,1801.89501953
822bd0ba,Liverpool,9,2020-2021,12.260950550965214,-2.133571081593359,0.5719784275907566,1940.19763184
b8fd03ef,Manchester City,9,2020-2021,14.662484688807142,-6.367363384433918,-0.7025942001469234,2012.76818848
19538871,Manchester Utd,9,2020-2021,8.656721389801621,-2.4198016374367777,-0.5809889511196944,1925.87194824
b2b47a98,Newcastle Utd,9,2020-2021,-5.381519301819449,2.1063768478150577,0.6510113590449801,1724.89587402
1df6b87e,Sheffield Utd,9,2020-2021,-7.995483601034672,6.1942332821318935,0.5504236108957729,1623.86804199
33c895d4,Southampton,9,2020-2021,-0.530386352793741,3.0876279778382494,-1.2894383557752667,1700.75109863
361ca564,Tottenham,9,2020-2021,4.072591960963047,-0.09514090055760692,-1.8884612953186206,1831.75012207
60c6b05f,West Brom,9,2020-2021,-8.840695502956663,6.258001290785893,-0.6970576032725755,1618.41918945
7c21e445,West Ham,9,2020-2021,0.18174748863633597,-0.7235107671311674,3.7614733761464967,1810.99633789
8cec06e1,Wolves,9,2020-2021,-0.6494681798928299,2.886804919189001,-1.8553657207927599,1738.54443359
18bb7c10,Arsenal,9,2021-2022,5.116255848471013,-1.7515383465496455,-0.08588978860989611,1851.4576416
8602292d,Aston Villa,9,2021-2022,0.040299800133791155,0.6541161430489665,-0.6715905966184168,1740.57543945
cd051869,Brentford,9,2021-2022,-2.5599462390001007,2.2996379798913784,1.2805593616851176,1714.30810547
d07537b9,Brighton,9,2021-2022,2.305381183558237,2.1843168722347936,-0.4263440441628148,1760.09667969
943e8050,Burnley,9,2021-2022,-6.361654292150083,4.651051812923853,5.46791972820698,1683.77648926
cff3d9bb,Chelsea,9,2021-2022,12.332227826463008,-3.8260395469060966,-0.04921841860355404,1899.04138184
47c64c55,Crystal Palace,9,2021-2022,1.1493972120658758,1.475366725445652,-0.7702881345800398,1753.90112305
d3fd31cc,Everton,9,2021-2022,-4.557707842569645,5.295215838080757,1.1020978931977519,1698.97583008
5bfb9659,Leeds United,9,2021-2022,0.5176034966529459,5.2778148886446585,-4.140769676975672,1703.2824707
a2d435b3,Leicester City,9,2021-2022,2.383982060023663,1.2768603798284486,-2.9873066278686182,1779.33666992
822bd0ba,Liverpool,9,2021-2022,18.37778797282356,-6.844210248119868,4.67494727385377,2035.03369141
b8fd03ef,Manchester City,9,2021-2022,20.366025344414325,-9.642506672572448,2.923803571481012,2025.13366699
19538871,Manchester Utd,9,2021-2022,4.739638326122592,-0.4316234026661087,-0.8855317378598373,1810.69580078
b2b47a98,Newcastle Utd,9,2021-2022,-5.23801203364308,3.5362294114424553,1.3366651679687178,1756.95495605
1c781004,Norwich City,9,2021-2022,-6.806109363776348,6.798017221206732,-4.849801268140137,1696.0341238207259
33c895d4,Southampton,9,2021-2022,-1.4120688923157394,2.992049398284003,0.5725784779121748,1671.66308594
361ca564,Tottenham,9,2021-2022,6.275255242268819,-2.3629165570333917,-0.36284239461284906,1866.62145996
2abfe087,Watford,9,2021-2022,-5.478289700556874,6.316200744756486,0.5665888381289806,1583.42712402
7c21e445,West Ham,9,2021-2022,0.6631126679721103,-0.43714884447158736,1.4446559733081927,1782.92785645
8cec06e1,Wolves,9,2021-2022,-0.5277018952196403,3.5538910590364496,-2.7990430756316176,1725.1184082
18bb7c10,Arsenal,9,2022-2023,11.579389019712396,-5.3107885104670745,0.487013178218126,1915.83129883
8602292d,Aston Villa,9,2022-2023,0.6892779644075974,1.3385814811224457,-1.6160255125160108,1824.45812988
4ba7cbea,Bournemouth,9,2022-2023,-4.854523325720964,4.414320365422498,-3.815373586771541,1657.10681152
cd051869,Brentford,9,2022-2023,-1.2067000635566214,1.0481903291994845,2.139902257725569,1820.79504395
d07537b9,Brighton,9,2022-2023,10.214157550013125,-2.4075682040507873,-2.7387653844893016,1824.6472168
cff3d9bb,Chelsea,9,2022-2023,5.543555831885236,3.225606600843531,-3.310760801968647,1784.56774902
47c64c55,Crystal Palace,9,2022-2023,-0.8815296445784294,3.175844643514024,-1.2696180809777453,1753.85693359
d3fd31cc,Everton,9,2022-2023,-3.482395348807462,5.216611931038193,0.38399186326589485,1704.70288086
fd962109,Fulham,9,2022-2023,0.7794323885728408,2.1150791283827517,-1.2633183702101562,1733.10021973
5bfb9659,Leeds United,9,2022-2023,-0.5824038602048027,5.756324453074518,-0.9959800296082506,1655.52966309
a2d435b3,Leicester City,9,2022-2023,0.33055014847776154,3.040949947045419,-3.361913957989687,1721.58215332
822bd0ba,Liverpool,9,2022-2023,12.831326011197426,-2.1626518437571445,1.0460713075135006,1943.36999512
b8fd03ef,Manchester City,9,2022-2023,15.893511299999506,-8.648113864718598,0.10179795326417489,2069.99633789
19538871,Manchester Utd,9,2022-2023,6.370250285893409,-0.7695550196919564,0.14932408856920074,1870.12451172
b2b47a98,Newcastle Utd,9,2022-2023,6.815214545417806,-1.7856301081653823,2.4442679774502705,1872.46765137
e4a775cb,Nott'ham Forest,9,2022-2023,-7.744568392525075,4.418940295990417,-1.2455347918041757,1670.43518066
33c895d4,Southampton,9,2022-2023,-3.3057375022943982,5.236069313571534,-2.062949427875419,1623.68164062
361ca564,Tottenham,9,2022-2023,5.243096355972738,-0.7909409451265819,-1.4462147448296359,1812.33837891
7c21e445,West Ham,9,2022-2023,-2.0708075173219633,1.7340651285270485,0.723172819350934,1768.13452148
8cec06e1,Wolves,9,2022-2023,-2.2456217485617502,4.832947440233667,-3.3219715121975204,1715.50732422
18bb7c10,Arsenal,9,2023-2024,13.72250499888931,-6.5427553499325395,1.6574473861222379,1946.90283203
8602292d,Aston Villa,9,2023-2024,6.801135324934694,-2.717320207921968,-3.637525369724405,1770.43505859
4ba7cbea,Bournemouth,9,2023-2024,2.2573761035977875,3.5869103647848344,-0.48093459501227376,1691.12365723
cd051869,Brentford,9,2023-2024,0.5329607408733298,2.325152092900054,0.7507448442915646,1711.08398438
d07537b9,Brighton,9,2023-2024,8.982729171559853,0.6420846603846686,-6.563057426641496,1713.16320801
943e8050,Burnley,9,2023-2024,-1.3830350213411866,5.0034714532340985,-5.178016171404424,1611.26379395
cff3d9bb,Chelsea,9,2023-2024,11.249047991447911,0.09675057978650599,-4.931465164004303,1810.11962891
47c64c55,Crystal Palace,9,2023-2024,0.5408562323206336,1.7982836140362402,0.8072298717141612,1759.70800781
d3fd31cc,Everton,9,2023-2024,-1.637950802677302,5.038515782756071,2.6446854669032525,1706.85083008
fd962109,Fulham,9,2023-2024,3.7948447752802363,1.8551589766337377,-2.7220349247106768,1716.27636719
822bd0ba,Liverpool,9,2023-2024,16.981966303830827,-2.102730568634052,0.49597320530247907,1900.68835449
e297cd13,Luton Town,9,2023-2024,-1.807234585701698,5.887910365651227,-0.6941245489236613,1563.97265625
b8fd03ef,Manchester City,9,2023-2024,18.88758481441983,-8.404814502336555,-0.8415952888116345,2050.57299805
19538871,Manchester Utd,9,2023-2024,4.754119949327591,1.9811865945937746,-3.935153938373054,1779.04394531
b2b47a98,Newcastle Utd,9,2023-2024,9.079272564203608,-1.5971527871153786,-1.869708956495193,1801.79711914
e4a775cb,Nott'ham Forest,9,2023-2024,-1.9449723024009333,2.1123795831605077,-1.7921747371928463,1647.71496582
1df6b87e,Sheffield Utd,9,2023-2024,-8.981179764313502,7.870983648224446,-4.65024632646233,1517.16918945
361ca564,Tottenham,9,2023-2024,13.20016461114902,0.9932652783391508,-5.267551915441039,1790.55664062
7c21e445,West Ham,9,2023-2024,-0.03039498505669091,3.5910750741607673,-2.1657800986603966,1726.24291992
8cec06e1,Wolves,9,2023-2024,0.7477021687760106,4.041330022473998,-4.867769452661276,1677.86230469
25622401,Amiens,13,2018-2019,-5.789136498714754,5.777268851282123,2.259214519284474,1506.30895996
69236f98,Angers,13,2018-2019,-1.3050460342328962,2.9307967599233,2.2867136976553093,1559.2479248
123f3efe,Bordeaux,13,2018-2019,-1.1360612769599718,5.958314125194029,0.3633729219805462,1557.10327148
74229020,Caen,13,2018-2019,-6.897966069364386,8.405146194662978,1.0293585425774374,1459.86938477
8dfb7350,Dijon,13,2018-2019,-2.0884693918933537,6.262424106985597,1.5370327405040576,1488.90710449
d41b5f53,Guingamp,13,2018-2019,-4.652081937304898,6.379705348101563,3.829064370674809,1471.60693359
cb188c0c,Lille,13,2018-2019,4.416238058893693,-0.2580059971563146,1.6475818290709219,1676.84460449
d53c0b06,Lyon,13,2018-2019,12.759541133941214,-1.1313831751551082,0.09160865640380365,1731.26257324
5725cc7b,Marseille,13,2018-2019,4.8212743973106,2.461683743027411,1.8481799362538442,1640.50695801
fd6114db,Monaco,13,2018-2019,0.24097370864976395,4.125365993016119,-0.40597623084214096,1567.02954102
281b0e73,Montpellier,13,2018-2019,1.5089790008218655,4.075262558980947,4.339564723384129,1621.92700195
d7a486cd,Nantes,13,2018-2019,0.26334988260849246,4.942035477905418,3.632728802225459,1573.41503906
132ebc33,Nice,13,2018-2019,2.19636515502524,4.395650004895071,-3.11071441135365,1600.27380371
1cbf5f9e,Nîmes,13,2018-2019,0.060261518733496916,4.018170205941765,3.304617797246168,1696.0341238207259
e2d8892c,Paris S,13,2018-2019,17.43865619044045,-6.032986725144544,-0.3736992781662821,1832.9666748
7fdd64e0,Reims,13,2018-2019,-2.9952482412170593,4.615207189477472,2.511775919287064,1587.52868652
b3072e00,Rennes,13,2018-2019,2.8119186505093032,2.517334921676607,1.3501755694801105,1619.73339844
d298ef2c,Saint,13,2018-2019,3.5693773422943207,2.3856224031021833,2.0331102300692483,1696.0341238207259
c0d3eab4,Strasbourg,13,2018-2019,0.7902769038108106,2.5656624287398735,1.9181337027176562,1555.96533203
3f8c4b5f,Toulouse,13,2018-2019,-1.7454993481221304,6.4244950034187385,0.3707886981423845,1495.26940918
25622401,Amiens,13,2019-2020,-11.030566609648897,-3.593014179283735,0.3216966992998722,1488.11108398
69236f98,Angers,13,2019-2020,-8.113297317749412,-5.733083137216589,2.2089294980471457,1572.02880859
123f3efe,Bordeaux,13,2019-2020,-6.381546936158025,-6.026521082893505,-0.06549966010068506,1590.54956055
fb08dbb3,Brest,13,2019-2020,-7.598499644540784,-4.797212297146592,-0.005263252654477351,1536.32006836
8dfb7350,Dijon,13,2019-2020,-8.675003685518323,-3.2406449094178114,-0.32679089149543517,1522.28674316
cb188c0c,Lille,13,2019-2020,-5.477087140974659,-6.3643721727004365,2.199941450303195,1665.83532715
d53c0b06,Lyon,13,2019-2020,-3.0253183459838686,-7.677819831059544,-1.4042505680148492,1697.84985352
5725cc7b,Marseille,13,2019-2020,-4.436552072006596,-5.739708124502374,1.0334125425459388,1682.20458984
f83960ae,Metz,13,2019-2020,-10.067384916842764,-3.1423566537391596,0.8284164772024541,1549.59997559
fd6114db,Monaco,13,2019-2020,-2.8942708861081274,-6.043940888862731,-0.2830538340565167,1590.7611084
281b0e73,Montpellier,13,2019-2020,-7.462883629327083,-4.664812137964904,2.0365101230812614,1614.38439941
d7a486cd,Nantes,13,2019-2020,-8.512141474427033,-3.3502472056476673,1.452536087080364,1572.56872559
132ebc33,Nice,13,2019-2020,-3.9689818023641523,-6.1389939370613975,-5.145448200942761,1608.7097168
1cbf5f9e,Nîmes,13,2019-2020,-10.242260166851418,-3.255970411021407,2.4700260523755007,1696.0341238207259
e2d8892c,Paris S,13,2019-2020,7.5164596072176275,-14.68055521125915,0.7207882277734624,1901.07177734
7fdd64e0,Reims,13,2019-2020,-8.059667883159966,-4.506762669772958,0.9216828212495468,1608.80493164
b3072e00,Rennes,13,2019-2020,-6.489023014582472,-5.959816870909706,1.2413348986794686,1649.56152344
d298ef2c,Saint,13,2019-2020,-9.061621366761276,-3.324719733362959,0.22702152981913507,1696.0341238207259
c0d3eab4,Strasbourg,13,2019-2020,-8.182189420499599,-5.99484452632355,2.0602309055376318,1580.9440918
3f8c4b5f,Toulouse,13,2019-2020,-10.748222800399981,-1.3512701184522944,-0.24325461092092432,1407.09606934
69236f98,Angers,13,2020-2021,-1.2573273636449114,3.594322630652301,-1.4519293800952189,1518.56884766
123f3efe,Bordeaux,13,2020-2021,0.3413820533318238,3.3382544758789776,-0.2335187025712805,1536.04699707
fb08dbb3,Brest,13,2020-2021,1.7347646842826498,3.3463564737508125,-1.1211317033764814,1514.15319824
8dfb7350,Dijon,13,2020-2021,-5.166578896706813,7.266691046263012,-3.0410354907503083,1420.07958984
fd4e0f7d,Lens,13,2020-2021,2.5671559089785765,2.8682177041739365,0.03930544102010369,1566.37512207
cb188c0c,Lille,13,2020-2021,5.98177962218038,-1.207651081933942,2.363109409891191,1753.30493164
d2c87802,Lorient,13,2020-2021,-1.8208398525671265,4.498240966739933,-1.322097563469746,1521.05187988
d53c0b06,Lyon,13,2020-2021,11.3690008284802,-1.3570982859720826,0.46128319792760614,1740.17236328
5725cc7b,Marseille,13,2020-2021,2.3122637788624445,1.419760499520102,-0.6964379134730635,1631.07080078
f83960ae,Metz,13,2020-2021,-1.444305178018974,5.278840751051952,-1.2268320260032706,1540.72033691
fd6114db,Monaco,13,2020-2021,8.939274073964773,-0.6991093204085516,2.7542910366080102,1703.90185547
281b0e73,Montpellier,13,2020-2021,0.7507427494761026,2.80245153200368,0.051158747913627275,1600.50231934
d7a486cd,Nantes,13,2020-2021,-1.8400052763068129,4.821333693135147,0.2390183652780443,1558.54882812
132ebc33,Nice,13,2020-2021,2.7301331554772235,1.9136244412561785,-4.892277979054612,1570.67248535
1cbf5f9e,Nîmes,13,2020-2021,-2.9923056739214084,5.812303089687621,-1.1597841097990214,1696.0341238207259
e2d8892c,Paris S,13,2020-2021,15.025290473620057,-4.635563694207504,-0.4546384264112878,1875.87866211
7fdd64e0,Reims,13,2020-2021,-2.8473750076299496,3.8338451759828085,-1.8294133245141022,1566.67102051
b3072e00,Rennes,13,2020-2021,6.6960174069687755,0.16452398565017395,0.9122416095490696,1622.62341309
d298ef2c,Saint,13,2020-2021,-0.37895218173517725,5.230427902754076,-0.4368346690233315,1696.0341238207259
c0d3eab4,Strasbourg,13,2020-2021,-1.2879553026235877,3.5307557189582393,2.8891549861767793,1561.48962402
69236f98,Angers,13,2021-2022,0.35712660751151726,3.4997500650227567,-3.51353476052249,1544.96276855
123f3efe,Bordeaux,13,2021-2022,-0.16446432012184303,4.5897654790012465,-2.246956702035554,1505.71716309
fb08dbb3,Brest,13,2021-2022,-1.0546800960404257,2.94167551807751,0.7437589394735873,1566.11669922
d9676424,Clermont Foot,13,2021-2022,-0.2228346067756709,3.317978670723149,-2.003086548174395,1512.28051758
fd4e0f7d,Lens,13,2021-2022,4.571620530363611,-1.485398138584954,-1.086752623322844,1665.94677734
cb188c0c,Lille,13,2021-2022,1.8919284635392979,2.3347116020695853,0.14152190581958038,1696.96472168
d2c87802,Lorient,13,2021-2022,-2.4997566225053878,4.460340579909091,-0.4132941078567013,1524.38916016
d53c0b06,Lyon,13,2021-2022,9.69611656244833,0.5400411945020112,-3.1934927875064867,1736.39831543
5725cc7b,Marseille,13,2021-2022,8.861568203655272,-2.9688179251114466,-1.336816477764225,1718.43225098
f83960ae,Metz,13,2021-2022,-5.551538930431782,6.422422499448119,-2.234053059000396,1514.32458496
fd6114db,Monaco,13,2021-2022,6.440067550452665,1.4729455360667996,0.5138924835830787,1749.37536621
281b0e73,Montpellier,13,2021-2022,-0.24305908231295975,3.262482499176273,-2.2550991122034354,1560.50402832
d7a486cd,Nantes,13,2021-2022,-0.29562919589560066,2.5948840297346347,1.8246217087396415,1630.71911621
132ebc33,Nice,13,2021-2022,3.413629176430876,0.2072365601136601,-0.15938933827362528,1664.39196777
e2d8892c,Paris S,13,2021-2022,16.31160759131108,-6.092419939711582,-3.1489165746840264,1859.42980957
7fdd64e0,Reims,13,2021-2022,-2.4715400991353205,3.2344826857882456,-1.7488108774425486,1601.07263184
b3072e00,Rennes,13,2021-2022,8.951031076217582,-4.078312665977234,2.649969749912439,1719.70068359
d298ef2c,Saint,13,2021-2022,-0.830920516408042,6.166563030930453,-2.998673849930298,1696.0341238207259
c0d3eab4,Strasbourg,13,2021-2022,3.0511637079634855,-0.4909362589811869,2.9974798154901787,1668.04199219
54195385,Troyes,13,2021-2022,-3.317367359817322,4.393702742264594,-2.6742596692354916,1547.05651855
7a54bb4f,Ajaccio,13,2022-2023,-7.248024413206002,7.434823004585123,-0.8831066487345679,1408.40759277
69236f98,Angers,13,2022-2023,-2.4656352420999195,5.232204979442704,-6.152103085186777,1430.69885254
5ae09109,Auxerre,13,2022-2023,-3.2407530076241557,6.006952046727246,-0.5695538710612965,1508.07226562
fb08dbb3,Brest,13,2022-2023,-1.159725281196106,4.635284886672763,-0.41724882688362724,1578.3515625
d9676424,Clermont Foot,13,2022-2023,0.004712616113736281,4.1356164344117206,-2.820000240964504,1578.86181641
fd4e0f7d,Lens,13,2022-2023,8.272605994711766,-3.5018221166320913,0.3633021533264066,1756.68395996
cb188c0c,Lille,13,2022-2023,10.36438651888574,-1.4141993475045485,-1.634874679149739,1705.77429199
d2c87802,Lorient,13,2022-2023,1.3126286021731262,2.4305775584691824,-5.313697835176901,1565.25048828
d53c0b06,Lyon,13,2022-2023,9.548934913591582,1.570299619267444,-3.595132765675052,1708.24743652
5725cc7b,Marseille,13,2022-2023,8.50733986073266,-0.06022422096536427,-0.11961534193330929,1722.44055176
fd6114db,Monaco,13,2022-2023,5.923599168638997,-0.06522929411306155,-0.6765122692249018,1664.80285645
281b0e73,Montpellier,13,2022-2023,0.9940429306066695,3.342518328839594,-1.4241517072425072,1590.89880371
d7a486cd,Nantes,13,2022-2023,-0.15148264610775644,5.191272728039846,-1.9228444724682965,1524.43164062
132ebc33,Nice,13,2022-2023,5.4978701745444605,1.6854117067571368,-2.3417454242571822,1644.2701416
e2d8892c,Paris S,13,2022-2023,16.425580262818514,-5.627764370462215,-4.934087325534491,1825.62841797
7fdd64e0,Reims,13,2022-2023,4.213993575700348,3.1492449278149146,-0.9747170834827151,1610.34423828
b3072e00,Rennes,13,2022-2023,8.809598910488722,-1.854471839334322,-0.25354637350031045,1700.05041504
c0d3eab4,Strasbourg,13,2022-2023,0.23956610661538413,3.4015917819573973,-1.5068853531518407,1610.48657227
3f8c4b5f,Toulouse,13,2022-2023,3.352594023455735,3.05870032808941,-2.548947374233172,1556.95031738
54195385,Troyes,13,2022-2023,-3.148755399587683,3.9626602153109776,-6.062144571761052,1448.54772949
fb08dbb3,Brest,13,2023-2024,2.696086457916093,-0.74220938188964,3.029536945048075,1704.33203125
d9676424,Clermont Foot,13,2023-2024,-4.547655090489801,2.9463414816563547,-5.1465131700913185,1538.69848633
5c2737db,Le Havre,13,2023-2024,-5.188193031103616,-0.19945190731226542,-1.8100190587190501,1542.11987305
fd4e0f7d,Lens,13,2023-2024,2.1204842004488578,-2.1252691200835567,-0.7202365673119959,1719.13769531
cb188c0c,Lille,13,2023-2024,2.9823991804203986,-3.8624452285876525,-1.3518361948147528,1751.39599609
d2c87802,Lorient,13,2023-2024,-3.293540213333157,0.3396981763467636,-6.359385128522334,1558.77148438
d53c0b06,Lyon,13,2023-2024,2.3376653837228356,-2.123448984909705,-3.712450240829756,1713.1796875
5725cc7b,Marseille,13,2023-2024,2.370530248823523,-2.9928639608102894,-1.0870022482821102,1724.24462891
f83960ae,Metz,13,2023-2024,-8.716773887318602,1.1497691836993613,-1.2432236670301748,1536.86694336
fd6114db,Monaco,13,2023-2024,5.291045047726687,-2.7880223900843717,-0.9567439573591955,1761.04504395
281b0e73,Montpellier,13,2023-2024,-2.8745397698695845,0.9363028695623137,-1.8861457152000227,1645.79785156
d7a486cd,Nantes,13,2023-2024,-5.155161977514011,0.9871862194072416,-3.0738413163194562,1541.51818848
132ebc33,Nice,13,2023-2024,1.0522589154976738,-3.767549334790695,-3.3574833733929905,1702.64208984
e2d8892c,Paris S,13,2023-2024,12.74754395725411,-7.325578243954267,-4.617650416861576,1877.40136719
7fdd64e0,Reims,13,2023-2024,-0.2822729107016728,-0.09057174408539366,-2.1718608278956744,1633.6229248
b3072e00,Rennes,13,2023-2024,2.5599323846089765,-2.8541959034633955,-2.7894965497636695,1693.56115723
c0d3eab4,Strasbourg,13,2023-2024,-3.8650183993447533,-0.9463083424827087,-3.0715100021706214,1608.73596191
3f8c4b5f,Toulouse,13,2023-2024,-1.9292560689316773,-1.4997334058579213,-2.43137371250044,1644.09509277
922493f3,Atalanta,11,2018-2019,11.83640669096931,0.10201391416752104,3.289687362306681,1750.15283203
1d8099f8,Bologna,11,2018-2019,-0.7104530579431672,4.122003198256303,1.9180174339394571,1575.45751953
c4260e09,Cagliari,11,2018-2019,-2.1976660469214737,6.046711344512365,1.814186361491009,1535.07202148
cc919b35,Chievo,11,2018-2019,-6.047518809908363,7.221660214306326,0.4271484003140086,1445.73742676
a3d88bd8,Empoli,11,2018-2019,1.447342692224589,2.3999737390201488,-2.438584488636237,1550.68273926
421387cf,Fiorentina,11,2018-2019,1.6257808472119326,2.6673002195382316,0.9872440765151007,1594.74365234
6a7ad59d,Frosinone,11,2018-2019,-5.346169917606802,5.740782421998031,-0.0379042966979174,1456.62866211
658bf2de,Genoa,11,2018-2019,-2.5865952472097375,5.315794416409704,3.6239234268922984,1540.24609375
d609edc0,Inter,11,2018-2019,9.964466614508085,0.044212670390414044,2.7501960097198714,1733.46191406
e0652b02,Juventus,11,2018-2019,9.398394307014636,-1.651864335069986,3.3778620384126197,1870.95153809
7213da33,Lazio,11,2018-2019,5.944904055396779,2.1510268306454976,1.4469690418872907,1661.72021484
dc56fe14,Milan,11,2018-2019,5.628939640328564,1.0118075395533275,0.01037931110582641,1713.78881836
d48ad4ff,Napoli,11,2018-2019,12.168896016165316,-3.0661948185617387,1.4471218132667325,1808.96850586
eab4234c,Parma,11,2018-2019,-6.460709766063714,5.700668697300949,-0.3003729958098529,1501.35791016
cf74a709,Roma,11,2018-2019,6.64240050744599,0.27960731461485283,2.1529854807036584,1750.7598877
8ff9e3b3,Sampdoria,11,2018-2019,4.170524341060266,1.4507134507039636,-1.0565522101235116,1612.12451172
e2befd26,Sassuolo,11,2018-2019,2.373378411768614,2.591970032372507,-1.527566173902823,1568.71862793
1d2fe027,SPAL,11,2018-2019,-0.30150241091703334,3.38188321171894,0.30210716747494615,1696.0341238207259
105360fe,Torino,11,2018-2019,1.474127237372924,3.6134908674670894,5.580319115525252,1696.02563477
04eea015,Udinese,11,2018-2019,-3.6875962622953824,5.476699594880701,0.22204010532179835,1564.39294434
922493f3,Atalanta,11,2019-2020,14.2315501460563,-3.017808974303665,2.413004205781178,1818.68933105
1d8099f8,Bologna,11,2019-2020,3.296684744482457,3.1728540408639496,-1.5514359908766304,1591.19787598
4ef57aeb,Brescia,11,2019-2020,-5.278613260538569,5.255948009783942,-2.781996324920245,1459.98876953
c4260e09,Cagliari,11,2019-2020,-1.5550918559732088,3.331877490324699,-1.3613725062581572,1585.83398438
421387cf,Fiorentina,11,2019-2020,2.5539377242328154,2.0565442638371665,-1.0388346505654897,1622.43591309
658bf2de,Genoa,11,2019-2020,-0.7423760227063763,4.787031243554412,-3.1689523608951915,1561.91223145
0e72edf2,Hellas Verona,11,2019-2020,-0.8628066200376991,3.4714176191591615,1.3755760421577332,1696.0341238207259
d609edc0,Inter,11,2019-2020,10.086900015695862,-3.8043315710255103,1.8791491313542605,1801.95031738
e0652b02,Juventus,11,2019-2020,11.511776514085376,-2.23598164002352,-1.7069014077332403,1906.68383789
7213da33,Lazio,11,2019-2020,7.925629745795209,-2.3145828843898846,-0.600780490908648,1768.94372559
ffcbe334,Lecce,11,2019-2020,0.4764304146198496,4.178757446516148,-4.999175972676327,1509.38195801
dc56fe14,Milan,11,2019-2020,7.104986025025398,0.9478484390870954,-0.042352319192270144,1675.45288086
d48ad4ff,Napoli,11,2019-2020,10.003662822691908,-3.033423363110379,-1.9605058359702205,1769.24316406
eab4234c,Parma,11,2019-2020,-0.6884590114104103,2.90186423881213,-1.6354731323308458,1581.30737305
cf74a709,Roma,11,2019-2020,9.04973520731536,-1.0572036797730235,-0.23766563120337839,1741.62268066
8ff9e3b3,Sampdoria,11,2019-2020,-0.929247928232966,3.5850858276023283,0.12488431177842955,1583.06494141
e2befd26,Sassuolo,11,2019-2020,7.170260514197594,-0.5722645886515882,-5.3185087755425755,1606.58813477
1d2fe027,SPAL,11,2019-2020,-3.9315677548934103,6.308286522439516,-3.0922848168282986,1696.0341238207259
105360fe,Torino,11,2019-2020,-1.00506697471447,5.940331235558394,-0.6918184582043215,1607.61022949
04eea015,Udinese,11,2019-2020,-1.6148081386790762,2.594241387648571,-0.9064427847807132,1566.82006836
922493f3,Atalanta,11,2020-2021,12.906945401213306,-2.877989333256674,2.0831594015729364,1836.63232422
4fcb34fd,Benevento,11,2020-2021,-4.469496489808989,3.3591774860180865,-1.820999670112091,1517.66296387
1d8099f8,Bologna,11,2020-2021,2.1306745135923846,2.5397753666864316,-3.7177707656721806,1593.50939941
c4260e09,Cagliari,11,2020-2021,-1.8987475566233767,3.0270311721705174,-0.37633916590462796,1588.58508301
3074d7b1,Crotone,11,2020-2021,-3.0094072535143943,3.920943119804234,-4.537197812641456,1481.16796875
421387cf,Fiorentina,11,2020-2021,-1.9704864367814268,2.9395246141101223,-0.37440070407188625,1628.54321289
421387cf,Fiorentina,11,2020-2021,-1.9704864367814268,2.9395246141101223,-0.37440070407188625,1628.54321289
658bf2de,Genoa,11,2020-2021,-2.756649056347645,3.2256463061065683,-2.3461472631879086,1604.8112793
0e72edf2,Hellas Verona,11,2020-2021,-2.7865366648173655,3.18667420388934,2.811491923638308,1696.0341238207259
0e72edf2,Hellas Verona,11,2020-2021,-2.7865366648173655,3.18667420388934,2.811491923638308,1696.0341238207259
d609edc0,Inter,11,2020-2021,9.854817963477654,-6.488709644788787,0.3789034637972608,1898.13305664
e0652b02,Juventus,11,2020-2021,12.366457242111585,-2.491208541714517,-0.9679698155895218,1849.1340332
e0652b02,Juventus,11,2020-2021,12.366457242111585,-2.491208541714517,-0.9679698155895218,1849.1340332
7213da33,Lazio,11,2020-2021,6.116724043860147,0.9019449711703669,-1.5315791860239567,1732.31726074
dc56fe14,Milan,11,2020-2021,7.684005953551651,-1.1653014676542934,0.32274006161237645,1802.77172852
dc56fe14,Milan,11,2020-2021,7.684005953551651,-1.1653014676542934,0.32274006161237645,1802.77172852
d48ad4ff,Napoli,11,2020-2021,11.370859200694067,-4.487686958914231,-0.6065587274311321,1803.56152344
d48ad4ff,Napoli,11,2020-2021,11.370859200694067,-4.487686958914231,-0.6065587274311321,1803.56152344
eab4234c,Parma,11,2020-2021,-1.0165653822556964,4.911856639860074,-2.355306596991454,1490.37426758
cf74a709,Roma,11,2020-2021,6.972952299684887,-2.4114660143747795,-1.0608946232731722,1738.81799316
8ff9e3b3,Sampdoria,11,2020-2021,-0.49559544015575296,2.722170104353244,0.7914666249846434,1643.21496582
e2befd26,Sassuolo,11,2020-2021,7.420009361142179,-0.34973683783438686,-4.9142429096989835,1697.33581543
e2befd26,Sassuolo,11,2020-2021,7.420009361142179,-0.34973683783438686,-4.9142429096989835,1697.33581543
68449f6d,Spezia,11,2020-2021,1.6444505506295695,3.0792052925573836,-1.502344121505199,1542.16235352
105360fe,Torino,11,2020-2021,-0.12003821834900909,3.2322729287907563,0.03147779137391682,1586.1829834
04eea015,Udinese,11,2020-2021,-1.6990233711174134,2.439869093660772,-2.495983012575514,1590.83837891
922493f3,Atalanta,11,2021-2022,8.48732919395551,0.732884125142787,1.0510354962540314,1729.88452148
1d8099f8,Bologna,11,2021-2022,-1.097830765930189,1.8064809829426947,-2.6394415728578933,1599.7166748
c4260e09,Cagliari,11,2021-2022,-5.469147323404247,5.387984033181997,0.8603524078046626,1524.32446289
a3d88bd8,Empoli,11,2021-2022,-0.5464333791945817,3.8166744764907423,-4.1361220557035905,1547.05651855
a3d88bd8,Empoli,11,2021-2022,-0.5464333791945817,3.8166744764907423,-4.1361220557035905,1547.05651855
421387cf,Fiorentina,11,2021-2022,6.5754529832588,-0.3950162960662325,0.22279651978644366,1654.35888672
421387cf,Fiorentina,11,2021-2022,6.5754529832588,-0.3950162960662325,0.22279651978644366,1654.35888672
658bf2de,Genoa,11,2021-2022,-5.280145798803651,7.442105743680877,0.02499704737810182,1536.02307129
0e72edf2,Hellas Verona,11,2021-2022,0.9025332255113048,1.2109005882244805,1.0199696821116302,1696.0341238207259
0e72edf2,Hellas Verona,11,2021-2022,0.9025332255113048,1.2109005882244805,1.0199696821116302,1696.0341238207259
d609edc0,Inter,11,2021-2022,12.156246200079154,-5.402179921475783,1.9360566600702127,1863.92224121
e0652b02,Juventus,11,2021-2022,4.3593012304703604,-0.9422909602854542,-0.9109021647563297,1783.07336426
e0652b02,Juventus,11,2021-2022,4.3593012304703604,-0.9422909602854542,-0.9109021647563297,1783.07336426
7213da33,Lazio,11,2021-2022,6.928321360334867,-2.670822086976975,-3.2859094832731657,1721.38867188
7213da33,Lazio,11,2021-2022,6.928321360334867,-2.670822086976975,-3.2859094832731657,1721.38867188
dc56fe14,Milan,11,2021-2022,7.471515301870858,-1.0131671554309656,1.0127272508542038,1833.27490234
dc56fe14,Milan,11,2021-2022,7.471515301870858,-1.0131671554309656,1.0127272508542038,1833.27490234
d48ad4ff,Napoli,11,2021-2022,9.050380605700266,-4.822986266342728,-0.8328096538777844,1800.57641602
d48ad4ff,Napoli,11,2021-2022,9.050380605700266,-4.822986266342728,-0.8328096538777844,1800.57641602
cf74a709,Roma,11,2021-2022,5.660759951431855,0.018902414955082433,1.42273697228178,1754.90844727
c5577084,Salernitana,11,2021-2022,-6.192728475569662,5.379047607286031,-1.8443166387079224,1489.5456543
8ff9e3b3,Sampdoria,11,2021-2022,-3.539107250982185,3.136559149645119,-0.05635598420462201,1580.58288574
8ff9e3b3,Sampdoria,11,2021-2022,-3.539107250982185,3.136559149645119,-0.05635598420462201,1580.58288574
e2befd26,Sassuolo,11,2021-2022,5.043666240539543,0.4008788658618186,-5.388413532102928,1654.8034668
e2befd26,Sassuolo,11,2021-2022,5.043666240539543,0.4008788658618186,-5.388413532102928,1654.8034668
68449f6d,Spezia,11,2021-2022,-4.971919556046765,4.9969928117187035,-3.179053680938266,1524.81665039
105360fe,Torino,11,2021-2022,-0.6298239430867318,2.48849092288593,2.6178027796776253,1624.25280762
04eea015,Udinese,11,2021-2022,0.10778648974713717,0.619947342589633,-0.5913712446194687,1632.2512207
af5d5982,Venezia,11,2021-2022,-5.335518886983222,6.399885339223087,-5.4785381553954435,1469.50964355
922493f3,Atalanta,11,2022-2023,5.427622322735109,0.3928035900330809,-0.0790384752095948,1754.99853516
1d8099f8,Bologna,11,2022-2023,2.0715270740137703,1.4503851633695672,-2.9128958540135432,1697.76904297
9aad3a77,Cremonese,11,2022-2023,-5.169479070889432,6.07437553259139,-1.9473155302700207,1521.46948242
a3d88bd8,Empoli,11,2022-2023,-2.5663940501996043,3.914491153746774,-3.6991875078140763,1637.99682617
421387cf,Fiorentina,11,2022-2023,5.459069066250273,0.8130873444932077,1.3455677667151786,1750.79882812
421387cf,Fiorentina,11,2022-2023,5.459069066250273,0.8130873444932077,1.3455677667151786,1750.79882812
0e72edf2,Hellas Verona,11,2022-2023,-6.862424140652522,4.892714284190524,2.4133712240620326,1696.0341238207259
d609edc0,Inter,11,2022-2023,8.231195330800627,-3.089512179381552,0.5191046350276768,1884.875
e0652b02,Juventus,11,2022-2023,4.179896318188824,-1.1135270020987407,0.8772511703897645,1794.56347656
e0652b02,Juventus,11,2022-2023,4.179896318188824,-1.1135270020987407,0.8772511703897645,1794.56347656
7213da33,Lazio,11,2022-2023,4.4554314429234925,-2.5582752529055894,-0.6612197838104382,1775.41540527
ffcbe334,Lecce,11,2022-2023,-5.953150812672267,5.446480072480956,1.4790812862045346,1589.6138916
dc56fe14,Milan,11,2022-2023,6.639908891393013,-0.595599484521708,-0.2394049545448503,1830.19677734
dc56fe14,Milan,11,2022-2023,6.639908891393013,-0.595599484521708,-0.2394049545448503,1830.19677734
21680aa4,Monza,11,2022-2023,2.1548641782090012,1.421531788512618,-3.353196401075004,1667.39440918
d48ad4ff,Napoli,11,2022-2023,12.383694771095497,-5.6365453502746385,0.7293329874222697,1906.79467773
cf74a709,Roma,11,2022-2023,1.7624202635581518,-0.4494191968486714,1.490131702364057,1791.04431152
c5577084,Salernitana,11,2022-2023,-4.398065678251038,3.307550273490165,-2.389998886065026,1627.05664062
8ff9e3b3,Sampdoria,11,2022-2023,-6.259996252280249,6.594946132291133,-3.5507760286254,1521.71398926
8ff9e3b3,Sampdoria,11,2022-2023,-6.259996252280249,6.594946132291133,-3.5507760286254,1521.71398926
e2befd26,Sassuolo,11,2022-2023,1.7306329277885442,0.6506239410939053,-2.8107637839880084,1663.15576172
e2befd26,Sassuolo,11,2022-2023,1.7306329277885442,0.6506239410939053,-2.8107637839880084,1663.15576172
68449f6d,Spezia,11,2022-2023,-4.04744006937929,5.904104920429277,-2.1519633498837387,1555.08825684
105360fe,Torino,11,2022-2023,0.2138254092040606,0.6567456645954838,0.9882473595561654,1701.16174316
04eea015,Udinese,11,2022-2023,0.8479673000984232,1.5805597952313688,-1.8818347635221218,1661.70239258
922493f3,Atalanta,11,2023-2024,6.789806153714881,-1.5265580602868845,0.6700571989151571,1896.87683105
1d8099f8,Bologna,11,2023-2024,3.9940250142411724,-0.5424884041235678,-2.8493480654744188,1795.25170898
c4260e09,Cagliari,11,2023-2024,-4.552024254619628,2.92287138736955,0.7886859331025626,1611.59204102
a3d88bd8,Empoli,11,2023-2024,-5.369136350087308,4.824715843460945,-2.9056683516356845,1638.60705566
421387cf,Fiorentina,11,2023-2024,4.779000034707765,-1.3482954564827685,0.021902217807826384,1763.97094727
421387cf,Fiorentina,11,2023-2024,4.779000034707765,-1.3482954564827685,0.021902217807826384,1763.97094727
6a7ad59d,Frosinone,11,2023-2024,-1.540770413271282,1.7857088440395774,-4.695730145382277,1610.27258301
658bf2de,Genoa,11,2023-2024,-4.336302047555969,1.4638549689828824,-0.4677835096262504,1696.19250488
0e72edf2,Hellas Verona,11,2023-2024,-4.2188956704850575,3.182803752918097,2.1474111632883193,1696.0341238207259
d609edc0,Inter,11,2023-2024,11.155831305644611,-7.317167927033118,1.5396659723008326,1964.77954102
e0652b02,Juventus,11,2023-2024,3.0984156635226716,-2.3750224003848803,1.0000726642639686,1827.82836914
e0652b02,Juventus,11,2023-2024,3.0984156635226716,-2.3750224003848803,1.0000726642639686,1827.82836914
7213da33,Lazio,11,2023-2024,2.118097053668483,-0.4690645957682399,-1.205313143529635,1784.74365234
ffcbe334,Lecce,11,2023-2024,-3.301964363086688,3.290411077677254,-1.7406918215389489,1618.49060059
dc56fe14,Milan,11,2023-2024,8.919567113666771,-3.50529434645992,-4.230624183655111,1838.72802734
dc56fe14,Milan,11,2023-2024,8.919567113666771,-3.50529434645992,-4.230624183655111,1838.72802734
21680aa4,Monza,11,2023-2024,-0.23674813933701544,1.667591015512907,-4.777693056745412,1664.85754395
d48ad4ff,Napoli,11,2023-2024,8.690425086013997,-1.7031710650975775,-0.9391071656598354,1778.8536377
d48ad4ff,Napoli,11,2023-2024,8.690425086013997,-1.7031710650975775,-0.9391071656598354,1778.8536377
cf74a709,Roma,11,2023-2024,3.9371593870768153,-2.4610177001518188,-2.5884183487166252,1812.41601562
c5577084,Salernitana,11,2023-2024,-7.024060720864937,4.980247653514993,-4.198408293975435,1531.0111084
e2befd26,Sassuolo,11,2023-2024,-3.47701795733187,2.4127812006629488,-3.968161608704317,1596.24829102
e2befd26,Sassuolo,11,2023-2024,-3.47701795733187,2.4127812006629488,-3.968161608704317,1596.24829102
105360fe,Torino,11,2023-2024,-1.8105740868546885,0.05762974032467719,0.801161506759753,1738.89416504
04eea015,Udinese,11,2023-2024,-5.227634540750181,2.9889714206712528,-1.6260222822629504,1666.17004395
02f8d026,AS Roma,208,2020-2021,-8.440449660156437,-13.301430899801055,1.7843031440479533,1696.0341238207259
b72bc283,Empoli,208,2020-2021,-11.15549840874839,-13.589689954767028,-1.8941380621708368,1543.61633301
c99ff6e5,Fiorentina,208,2020-2021,-10.789993977270923,-12.014934748306757,0.13546517400748698,1628.54321289
c99ff6e5,Fiorentina,208,2020-2021,-10.789993977270923,-12.014934748306757,0.13546517400748698,1628.54321289
d42d8b2f,Florentia,208,2020-2021,-15.150916353876653,-9.611521726284662,-1.7310748935153062,1696.0341238207259
d35ed67b,Hellas Verona,208,2020-2021,-19.894837479265114,-7.754064923247031,-0.8606339375407965,1696.0341238207259
d35ed67b,Hellas Verona,208,2020-2021,-19.894837479265114,-7.754064923247031,-0.8606339375407965,1696.0341238207259
06d05f19,Internazionale,208,2020-2021,-12.533538148599215,-10.726595421161955,-1.0716298817316194,1696.0341238207259
613577b8,Juventus,208,2020-2021,0.36826154906237785,-20.214907182294407,5.301334137274336,1849.1340332
613577b8,Juventus,208,2020-2021,0.36826154906237785,-20.214907182294407,5.301334137274336,1849.1340332
54da9a57,Milan,208,2020-2021,-7.138963022398823,-15.52629606234943,4.266575080611186,1802.77172852
54da9a57,Milan,208,2020-2021,-7.138963022398823,-15.52629606234943,4.266575080611186,1802.77172852
828ce826,Napoli,208,2020-2021,-17.57139926469394,-7.068628824155756,-1.461180150172372,1803.56152344
828ce826,Napoli,208,2020-2021,-17.57139926469394,-7.068628824155756,-1.461180150172372,1803.56152344
be35aa4d,Pink Bari,208,2020-2021,-24.095598150375082,-4.599350840241994,-2.4396953759678177,1696.0341238207259
20f5bd86,San Marino,208,2020-2021,-19.05720971776071,-6.321650937732569,-2.697769430351061,1696.0341238207259
a8e83f23,Sassuolo,208,2020-2021,-7.925943988798669,-13.775878656350168,3.0266510852579835,1697.33581543
a8e83f23,Sassuolo,208,2020-2021,-7.925943988798669,-13.775878656350168,3.0266510852579835,1697.33581543
02f8d026,AS Roma,208,2021-2022,-3.0127235002600026,-18.06430114462478,2.3793271961833873,1696.0341238207259
9f18ced7,ASD Calcio Pomigliano,208,2021-2022,-16.182203682235077,-7.664955500949416,-1.070437975590881,1696.0341238207259
b72bc283,Empoli,208,2021-2022,-13.828853446314687,-10.314074511192471,-2.57077096097859,1547.05651855
b72bc283,Empoli,208,2021-2022,-13.828853446314687,-10.314074511192471,-2.57077096097859,1547.05651855
c99ff6e5,Fiorentina,208,2021-2022,-10.594228893526545,-12.247372475820196,1.0545801465034843,1654.35888672
c99ff6e5,Fiorentina,208,2021-2022,-10.594228893526545,-12.247372475820196,1.0545801465034843,1654.35888672
d35ed67b,Hellas Verona,208,2021-2022,-21.351995569203503,-6.042585990316741,-5.185037122309548,1696.0341238207259
d35ed67b,Hellas Verona,208,2021-2022,-21.351995569203503,-6.042585990316741,-5.185037122309548,1696.0341238207259
06d05f19,Internazionale,208,2021-2022,-10.06318085054306,-13.435090984077839,0.20524287810224695,1696.0341238207259
613577b8,Juventus,208,2021-2022,-3.4007550675804405,-17.982826850593526,2.1230984154309125,1783.07336426
613577b8,Juventus,208,2021-2022,-3.4007550675804405,-17.982826850593526,2.1230984154309125,1783.07336426
19db4c32,Lazio,208,2021-2022,-18.65482750353583,-7.303463461592254,-4.360761608483371,1721.38867188
19db4c32,Lazio,208,2021-2022,-18.65482750353583,-7.303463461592254,-4.360761608483371,1721.38867188
54da9a57,Milan,208,2021-2022,-7.700191417452906,-16.16826749356641,4.638927703319246,1833.27490234
54da9a57,Milan,208,2021-2022,-7.700191417452906,-16.16826749356641,4.638927703319246,1833.27490234
828ce826,Napoli,208,2021-2022,-17.215881117077945,-7.860817087201325,-0.32388796109491513,1800.57641602
828ce826,Napoli,208,2021-2022,-17.215881117077945,-7.860817087201325,-0.32388796109491513,1800.57641602
58e367c3,Sampdoria,208,2021-2022,-16.71972059570815,-9.071362271369049,0.4510352822957609,1580.58288574
58e367c3,Sampdoria,208,2021-2022,-16.71972059570815,-9.071362271369049,0.4510352822957609,1580.58288574
a8e83f23,Sassuolo,208,2021-2022,-9.554319605780966,-14.46176531324084,2.774553990392022,1654.8034668
a8e83f23,Sassuolo,208,2021-2022,-9.554319605780966,-14.46176531324084,2.774553990392022,1654.8034668
02f8d026,AS Roma,208,2022-2023,0.6286197664674918,-15.393530588583001,3.258040852433348,1696.0341238207259
9f18ced7,ASD Calcio Pomigliano,208,2022-2023,-13.902225446447822,-4.94196535455596,-2.146930107063548,1696.0341238207259
756c9acb,FC Como Women,208,2022-2023,-12.894392550394924,-4.572618237234487,-1.9862942468030917,1696.0341238207259
c99ff6e5,Fiorentina,208,2022-2023,-9.655665859776377,-9.487109690439564,-1.8695319046737575,1750.79882812
c99ff6e5,Fiorentina,208,2022-2023,-9.655665859776377,-9.487109690439564,-1.8695319046737575,1750.79882812
06d05f19,Internazionale,208,2022-2023,-3.988020261224525,-11.485432451932468,0.7148600205513476,1696.0341238207259
613577b8,Juventus,208,2022-2023,0.20531577275308271,-14.98926035313538,0.5129313143226057,1794.56347656
613577b8,Juventus,208,2022-2023,0.20531577275308227,-14.989260353135382,0.5129313143226073,1794.56347656
54da9a57,Milan,208,2022-2023,-8.726832857978463,-10.256355461496426,0.4937444582725458,1830.19677734
54da9a57,Milan,208,2022-2023,-8.726832857978463,-10.256355461496426,0.4937444582725458,1830.19677734
f7d05cb5,Parma,208,2022-2023,-12.51779064268193,-5.354069183607444,-2.795651773964519,1510.88574219
58e367c3,Sampdoria,208,2022-2023,-15.735473641046799,-4.1023777472383305,-1.8998207774541087,1521.71398926
58e367c3,Sampdoria,208,2022-2023,-15.735473641046799,-4.1023777472383305,-1.8998207774541087,1521.71398926
a8e83f23,Sassuolo,208,2022-2023,-9.580591889363076,-8.356631652913293,-1.0046814036326712,1663.15576172
a8e83f23,Sassuolo,208,2022-2023,-9.580591889363076,-8.356631652913293,-1.0046814036326712,1663.15576172
02f8d026,AS Roma,208,2023-2024,1.8444791588588485,-16.653147478387147,1.6473123829448981,1696.0341238207259
9f18ced7,ASD Calcio Pomigliano,208,2023-2024,-17.028265429370883,-4.540657515040333,-4.600779724762495,1696.0341238207259
756c9acb,FC Como Women,208,2023-2024,-13.091293952693508,-7.358296578447444,-2.9694869395992236,1696.0341238207259
c99ff6e5,Fiorentina,208,2023-2024,-8.14341366013458,-10.277282093315963,-2.6512204276542435,1763.97094727
c99ff6e5,Fiorentina,208,2023-2024,-8.14341366013458,-10.277282093315963,-2.6512204276542435,1763.97094727
06d05f19,Internazionale,208,2023-2024,-5.104312317551613,-9.836747947194251,-2.095391514378006,1696.0341238207259
613577b8,Juventus,208,2023-2024,-1.492467318754718,-14.950158345786933,0.358827223050637,1827.82836914
613577b8,Juventus,208,2023-2024,-1.492467318754718,-14.950158345786933,0.358827223050637,1827.82836914
54da9a57,Milan,208,2023-2024,-6.925739405604718,-11.226839090102791,0.06362532793004985,1838.72802734
54da9a57,Milan,208,2023-2024,-6.925739405604718,-11.226839090102791,0.06362532793004985,1838.72802734
828ce826,Napoli,208,2023-2024,-15.919569899220503,-5.851358691893404,-3.2716490086590957,1778.8536377
828ce826,Napoli,208,2023-2024,-15.919569899220503,-5.851358691893404,-3.2716490086590957,1778.8536377
58e367c3,Sampdoria,208,2023-2024,-15.474149457879939,-6.216333429031306,0.3157766507667908,1507.04284668
a8e83f23,Sassuolo,208,2023-2024,-10.34404534276163,-9.026188286057689,-1.9173947554436266,1596.24829102
a8e83f23,Sassuolo,208,2023-2024,-10.34404534276163,-9.026188286057689,-1.9173947554436266,1596.24829102
8d6fd021,Alavés,12,2018-2019,-5.6768441517369705,5.483018342623604,4.954017561230431,1696.0341238207259
2b390eca,Athletic Club,12,2018-2019,-1.5065836083524642,4.566132412665978,5.287903114042018,1696.0341238207259
db3b9613,Atlético Madrid,12,2018-2019,2.214467462737559,2.4440822440129577,3.520023169836462,1696.0341238207259
206d90db,Barcelona,12,2018-2019,16.439028460819202,-5.052211630536284,0.06337968782034795,1999.87780762
fc536746,Betis,12,2018-2019,5.219243826957912,1.8820592159285912,-2.013736566337296,1685.14562988
f25da7fb,Celta Vigo,12,2018-2019,0.9855195386202272,3.6775300317662345,0.3305674467820225,1696.0341238207259
bea5c710,Eibar,12,2018-2019,2.3403316877132894,5.142095907232456,10.471285821259347,1711.42724609
a8661628,Espanyol,12,2018-2019,0.2757370049078261,4.423780478028162,1.0105301205244566,1738.08911133
7848bd64,Getafe,12,2018-2019,-4.4195929814319035,4.59531744223283,9.37838887214732,1759.87231445
9024a00a,Girona,12,2018-2019,-2.330374705451243,5.564515414938218,0.4124331647971364,1624.33215332
c6c493e6,Huesca,12,2018-2019,-2.7303707604002585,6.696416485053502,4.233606177322442,1615.22717285
7c6f2c78,Leganés,12,2018-2019,-5.166816713729053,3.696077187938791,6.298063936254296,1696.0341238207259
9800b6a1,Levante,12,2018-2019,-0.33378074872011254,4.220766509470463,0.018255963747384012,1684.53381348
98e8af82,Rayo Vallecano,12,2018-2019,-0.4112276484563596,6.778304715225114,-0.33580348434144386,1583.40991211
53a2f082,Real Madrid,12,2018-2019,12.289726309676922,1.386119916531604,0.7815815587520806,1840.49804688
e31d1cd9,Real Sociedad,12,2018-2019,1.3776317112808838,3.917725480288169,1.478407996339332,1696.0341238207259
ad2be733,Sevilla,12,2018-2019,5.423558204804194,2.2751261461164725,3.612683309454513,1747.23376465
dcc91a7b,Valencia,12,2018-2019,2.3946774132636337,2.086690472490966,2.8320169593709075,1812.30407715
17859612,Valladolid,12,2018-2019,-3.3774859610508616,6.9673818718028935,2.8924543842186723,1616.00244141
2a8183b3,Villarreal,12,2018-2019,1.935652196331116,3.3497057073858447,1.940218749757352,1731.5090332
8d6fd021,Alavés,12,2019-2020,-8.561620710845736,5.497546277648288,2.644993605172371,1696.0341238207259
2b390eca,Athletic Club,12,2019-2020,-3.1609571940480423,3.402907018988072,4.296486179438175,1696.0341238207259
db3b9613,Atlético Madrid,12,2019-2020,1.1481977213825716,1.4318368586730625,4.712621720803877,1696.0341238207259
206d90db,Barcelona,12,2019-2020,15.264613364444923,-4.874967591852871,-1.9345448995008832,1968.86462402
fc536746,Betis,12,2019-2020,2.99102898183184,2.673142583779879,-1.9801644009521577,1707.2800293
f25da7fb,Celta Vigo,12,2019-2020,-1.5644074636691132,3.3882216062242274,-0.02145117232339096,1696.0341238207259
bea5c710,Eibar,12,2019-2020,-4.404141003505925,5.238121629199733,8.367498178902286,1677.86938477
a8661628,Espanyol,12,2019-2020,-5.156141801737586,6.223540960440887,1.4747490450877436,1648.6151123
7848bd64,Getafe,12,2019-2020,-5.058180371545453,4.520601624339589,11.062578781367758,1801.44555664
a0435291,Granada,12,2019-2020,-3.9897153916594847,2.3403972509705975,4.977440213369103,1680.24279785
7c6f2c78,Leganés,12,2019-2020,-5.54629078564217,5.1786521864582875,4.334880992528663,1696.0341238207259
9800b6a1,Levante,12,2019-2020,-1.3470348306387403,2.480232723340025,-0.31361605757564925,1682.30932617
2aa12281,Mallorca,12,2019-2020,-3.7784518200090953,5.889428551586957,-2.626921862640086,1598.52490234
03c57e2b,Osasuna,12,2019-2020,-2.3764954107063603,4.850967398618755,5.910777626647832,1673.4921875
53a2f082,Real Madrid,12,2019-2020,12.71797846668503,-2.153811751066178,2.3525723353323595,1889.30151367
e31d1cd9,Real Sociedad,12,2019-2020,2.670279973170703,0.9842355423171512,1.3144993807814607,1696.0341238207259
ad2be733,Sevilla,12,2019-2020,6.264691094229499,1.291295800607602,4.230246594589499,1799.31262207
dcc91a7b,Valencia,12,2019-2020,-1.1671543755176175,2.503498581389485,-0.7111071727804538,1778.97192383
17859612,Valladolid,12,2019-2020,-5.899411564655145,4.852255546070693,2.765054045374616,1641.11779785
2a8183b3,Villarreal,12,2019-2020,4.728238276777822,0.700292327580076,-0.5087294402596256,1731.2253418
8d6fd021,Alavés,12,2020-2021,-7.0046394973563775,2.5432644241811175,3.7664689545505388,1696.0341238207259
2b390eca,Athletic Club,12,2020-2021,-1.0111659967527349,0.7122314842680731,2.895628871859092,1696.0341238207259
db3b9613,Atlético Madrid,12,2020-2021,5.185191647668764,-2.1439782550235487,3.3241355172360443,1696.0341238207259
206d90db,Barcelona,12,2020-2021,15.845915364944139,-5.240048124718529,-2.473296910848251,1913.69177246
fc536746,Betis,12,2020-2021,2.129026136312441,2.2854302408931457,1.079496620411482,1740.60021973
ee7c297c,Cádiz,12,2020-2021,-10.056977280417675,5.507301457268315,3.7337879483768726,1696.0341238207259
f25da7fb,Celta Vigo,12,2020-2021,0.24575319202841792,2.089011209553368,0.26882232051670835,1696.0341238207259
bea5c710,Eibar,12,2020-2021,-3.240897126172189,4.940425474918536,7.675843670898912,1617.85070801
6c8b07df,Elche,12,2020-2021,-5.932859268617279,4.0265471293882,-1.031890179450451,1594.79760742
7848bd64,Getafe,12,2020-2021,-7.958599486142305,5.686205382083806,7.517465429227828,1669.05395508
a0435291,Granada,12,2020-2021,-7.0272665084170445,3.2939686486343716,3.1338419634500636,1674.59533691
c6c493e6,Huesca,12,2020-2021,-2.6114318181836005,3.6668773205653293,0.49854853594210613,1610.24194336
9800b6a1,Levante,12,2020-2021,-0.4628123184060689,0.7304898604149046,-1.169844211632645,1664.71276855
03c57e2b,Osasuna,12,2020-2021,-6.558470397052039,4.304795881167164,5.8689925913630825,1685.16015625
53a2f082,Real Madrid,12,2020-2021,10.616638676803007,-2.2419142293918486,0.5750117544905883,1938.07788086
e31d1cd9,Real Sociedad,12,2020-2021,2.9403391968567494,-1.4301748626469826,3.5768608031981266,1696.0341238207259
ad2be733,Sevilla,12,2020-2021,5.52449763103916,-0.34402649025986426,1.7988076944259497,1847.52929688
dcc91a7b,Valencia,12,2020-2021,-2.4141283747636604,2.2145530461660927,0.6333565169102723,1701.11633301
17859612,Valladolid,12,2020-2021,-5.713320823491566,5.265600987949851,1.9870141759648061,1608.97680664
2a8183b3,Villarreal,12,2020-2021,4.724100882611039,0.40206918901940425,-1.693160949925452,1823.54174805
8d6fd021,Alavés,12,2021-2022,-7.7179553316502,6.232372706579871,3.1709591809238113,1696.0341238207259
2b390eca,Athletic Club,12,2021-2022,0.30980081220939254,0.811545706907071,3.046665571836675,1696.0341238207259
db3b9613,Atlético Madrid,12,2021-2022,3.5740772312471427,0.7460135456226661,2.0982488052368926,1696.0341238207259
206d90db,Barcelona,12,2021-2022,12.206534196709342,-2.0682846075003063,-0.04799711330055172,1875.88232422
fc536746,Betis,12,2021-2022,4.418321841897059,0.5545005300077727,0.6760212669658415,1778.93115234
ee7c297c,Cádiz,12,2021-2022,-5.399239067841437,6.046968043220299,2.4303586858523976,1696.0341238207259
f25da7fb,Celta Vigo,12,2021-2022,1.228394854045196,4.113872027948335,3.0053968248207283,1696.0341238207259
6c8b07df,Elche,12,2021-2022,-3.4869291708303236,4.159617972312672,-0.5385621552771909,1631.01855469
a8661628,Espanyol,12,2021-2022,-2.2474433638290807,3.347312178750235,-2.354942562231672,1647.61279297
7848bd64,Getafe,12,2021-2022,-7.464225062784215,4.4066285155980225,5.253631592614165,1672.59594727
a0435291,Granada,12,2021-2022,-4.972718864004921,4.891607819692264,0.9473537719221187,1644.09765625
9800b6a1,Levante,12,2021-2022,-0.7979214860978467,2.35281225166643,-1.7622065689746202,1658.98547363
2aa12281,Mallorca,12,2021-2022,-4.4509169111708005,5.045026194494433,0.3259620886435238,1615.09399414
03c57e2b,Osasuna,12,2021-2022,-4.266399105100134,4.854593439424307,5.764747408256754,1669.47094727
98e8af82,Rayo Vallecano,12,2021-2022,-0.524735280706118,5.189125792063654,2.1908778853991246,1616.94458008
53a2f082,Real Madrid,12,2021-2022,14.94469778529799,-4.384165046709449,-1.0344849665028666,1983.03759766
e31d1cd9,Real Sociedad,12,2021-2022,2.072897569294434,2.1243413062446797,1.0102316965622022,1696.0341238207259
ad2be733,Sevilla,12,2021-2022,4.446560200868358,0.2002792207968586,1.4444604419832314,1826.55651855
dcc91a7b,Valencia,12,2021-2022,-3.647153375560044,4.3671917550725174,1.6612890321808247,1698.46618652
2a8183b3,Villarreal,12,2021-2022,7.609750805609416,-2.015859863241428,0.3346186252572316,1840.41894531
78ecf4bb,Almería,12,2022-2023,-2.027069056932918,2.7471002716518242,-2.2345989810017253,1696.0341238207259
2b390eca,Athletic Club,12,2022-2023,4.507934248806133,1.775364294654703,2.4413259402920313,1696.0341238207259
db3b9613,Atlético Madrid,12,2022-2023,6.383067788827089,-1.1349870296103723,0.5700716438763705,1696.0341238207259
206d90db,Barcelona,12,2022-2023,14.799767240754374,-4.351574182527163,2.013735369298619,1874.0222168
fc536746,Betis,12,2022-2023,0.33212559845121514,3.8768890122637263,-0.14060212493553034,1743.65319824
ee7c297c,Cádiz,12,2022-2023,-6.7054337858159725,6.815488991072673,0.5394829556465094,1696.0341238207259
f25da7fb,Celta Vigo,12,2022-2023,0.6322307832211164,2.9453630450744916,-0.4099725708487672,1696.0341238207259
6c8b07df,Elche,12,2022-2023,-4.018600093318369,5.859952453507843,-2.7254996984319426,1578.96142578
a8661628,Espanyol,12,2022-2023,-2.7245109488827777,3.0920058146576355,0.4092361305338935,1616.29272461
7848bd64,Getafe,12,2022-2023,-7.758304908396809,4.925926498118413,4.867108581694531,1649.96984863
9024a00a,Girona,12,2022-2023,2.3115577027514056,0.957544022512161,-2.7990581072245497,1673.21972656
2aa12281,Mallorca,12,2022-2023,-6.497484749436229,3.3507139915033184,2.524290690353451,1639.1439209
03c57e2b,Osasuna,12,2022-2023,-1.8906421478350266,2.9374115536879604,3.1502466134249447,1664.39221191
98e8af82,Rayo Vallecano,12,2022-2023,0.6019075178394577,4.3773438968965666,1.1344216941578267,1633.77441406
53a2f082,Real Madrid,12,2022-2023,15.0637989039339,-3.837231551554907,-2.362100998547286,1913.45373535
e31d1cd9,Real Sociedad,12,2022-2023,2.8292408196985668,0.40039403518184535,1.9563975907379934,1696.0341238207259
ad2be733,Sevilla,12,2022-2023,1.3071553305809736,2.902442122966088,0.5725581815826918,1774.19970703
dcc91a7b,Valencia,12,2022-2023,1.1559631481058183,3.8252275680741454,0.8140705932626876,1657.56958008
17859612,Valladolid,12,2022-2023,-2.2339637637550562,6.138508878500759,-1.7447721114262105,1611.7701416
2a8183b3,Villarreal,12,2022-2023,6.861041318558032,-0.6126062322341538,-2.9347940592747452,1771.65332031
8d6fd021,Alavés,12,2023-2024,-3.824515706586589,3.3090629035752506,2.463628788316067,1696.0341238207259
78ecf4bb,Almería,12,2023-2024,-1.9608788443256,4.7566194369112145,-3.099298164123384,1696.0341238207259
2b390eca,Athletic Club,12,2023-2024,3.805565214374074,0.422631583297083,2.976590139905083,1696.0341238207259
db3b9613,Atlético Madrid,12,2023-2024,6.642157036532579,-1.7969728747686595,-0.3764065818094499,1696.0341238207259
206d90db,Barcelona,12,2023-2024,14.101309039062324,-4.042876331186307,-0.4226396714779979,1879.72180176
fc536746,Betis,12,2023-2024,2.4880971466001913,3.470291895185969,-1.69369999430873,1706.8885498
ee7c297c,Cádiz,12,2023-2024,-6.086423196897008,7.009371117753708,2.5936837447280925,1696.0341238207259
f25da7fb,Celta Vigo,12,2023-2024,0.42857725053085194,3.0098700958066233,-1.8577821276504185,1696.0341238207259
7848bd64,Getafe,12,2023-2024,-3.7373887697156754,4.304088524441803,3.348612004725631,1624.55993652
9024a00a,Girona,12,2023-2024,10.043992054177844,-3.260711645341322,-2.2860330944218035,1791.36120605
a0435291,Granada,12,2023-2024,-3.4807813979338125,5.723138593726221,-2.946211172409641,1538.9552002
0049d422,Las Palmas,12,2023-2024,1.2948975320110785,4.398181904624686,-4.993693439674924,1586.20349121
2aa12281,Mallorca,12,2023-2024,-3.779583418074795,4.21785354311007,3.5249090598553,1640.04211426
03c57e2b,Osasuna,12,2023-2024,-2.1148152492490824,1.9234635980711177,3.41465782528108,1649.23339844
98e8af82,Rayo Vallecano,12,2023-2024,-2.014002035262193,5.174201302871606,1.6531825930879096,1609.80688477
53a2f082,Real Madrid,12,2023-2024,15.08141895404393,-6.357167017640079,-1.3235423340175785,1987.61157227
e31d1cd9,Real Sociedad,12,2023-2024,2.366774339279257,1.4020685971306497,1.2437166283337735,1696.0341238207259
ad2be733,Sevilla,12,2023-2024,1.202173990420739,3.935201990820425,0.5959806434105763,1673.88000488
dcc91a7b,Valencia,12,2023-2024,-4.013171137397109,3.59860684648956,-0.32612740380666805,1661.0447998
2a8183b3,Villarreal,12,2023-2024,4.368429350199828,0.8528816326608805,-4.044592020941461,1739.72607422
